Certification Course,Gender,Department,Height(CM),Weight(KG),10th Mark,12th Mark,college mark,hobbies,daily studing time,prefer to study in,salary expectation,Do you like your degree?,career_willing,social medai & video,Travelling Time,Stress Level,Financial Status,part-time job
Yes,Male,CS,175,64,77,68,62,Reading,1-2 hrs,Evening,3-5 LPA,Yes,25%,>5 hrs,1-2 hrs,High,Middle,Yes
Yes,Female,Mechanical,175,73,71,80,73,Sports,>4 hrs,Night,>8 LPA,No,50%,3-5 hrs,30-60 min,Low,Poor,No
Yes,Female,CS,175,61,80,59,84,Sports,1-2 hrs,Night,5-8 LPA,Yes,75%,>5 hrs,1-2 hrs,Low,Middle,Yes
Yes,Male,IT,171,58,64,70,60,Gaming,1-2 hrs,Evening,3-5 LPA,Yes,50%,3-5 hrs,<30 min,Medium,Good,No
No,Male,IT,171,87,88,82,61,Music,2-4 hrs,Morning,5-8 LPA,Yes,75%,<1 hr,30-60 min,Medium,Middle,Yes
Yes,Female,CS,157,51,71,92,70,Travelling,1-2 hrs,Night,3-5 LPA,Yes,75%,1-3 hrs,1-2 hrs,Medium,Good,No
Yes,Male,CS,161,87,71,83,62,Reading,<1 hr,Night,3-5 LPA,Yes,25%,1-3 hrs,<30 min,High,Middle,Yes
Yes,Male,ENTC,153,84,82,64,70,Sports,1-2 hrs,Night,3-5 LPA,Yes,100%,<1 hr,1-2 hrs,Medium,Good,No
Yes,Male,Civil,160,89,94,56,82,Sports,2-4 hrs,Night,5-8 LPA,Yes,100%,3-5 hrs,1-2 hrs,High,Middle,No
Yes,Female,CS,170,52,57,90,80,Sports,2-4 hrs,Night,3-5 LPA,No,75%,1-3 hrs,30-60 min,High,Middle,No
No,Male,CS,153,58,65,60,64,Sports,2-4 hrs,Morning,>8 LPA,No,50%,<1 hr,30-60 min,High,Middle,Yes
Yes,Male,Civil,151,53,70,75,60,Gaming,2-4 hrs,Evening,3-5 LPA,Yes,25%,>5 hrs,1-2 hrs,Medium,Good,Yes
Yes,Male,IT,157,58,83,59,69,Gaming,>4 hrs,Evening,<3 LPA,No,100%,3-5 hrs,>2 hrs,High,Middle,No
Yes,Female,IT,177,83,93,52,77,Sports,1-2 hrs,Evening,3-5 LPA,Yes,100%,<1 hr,1-2 hrs,Medium,Poor,No
Yes,Male,ENTC,171,67,75,61,85,Gaming,1-2 hrs,Evening,3-5 LPA,Yes,75%,1-3 hrs,1-2 hrs,Low,Good,Yes
No,Male,CS,167,71,58,94,74,Sports,>4 hrs,Night,3-5 LPA,Yes,100%,1-3 hrs,<30 min,Medium,Middle,No
Yes,Male,ENTC,161,59,81,72,79,Reading,1-2 hrs,Night,3-5 LPA,No,25%,1-3 hrs,<30 min,Low,Good,No
No,Male,ENTC,189,54,55,84,77,Travelling,2-4 hrs,Morning,<3 LPA,Yes,50%,3-5 hrs,30-60 min,Low,Middle,No
No,Male,IT,186,52,83,78,85,Sports,>4 hrs,Morning,3-5 LPA,Yes,75%,<1 hr,30-60 min,Medium,Good,No
No,Male,CS,162,76,57,62,74,Gaming,<1 hr,Night,3-5 LPA,Yes,25%,1-3 hrs,<30 min,Medium,Good,Yes
Yes,Male,ENTC,177,67,78,67,64,Travelling,1-2 hrs,Evening,3-5 LPA,Yes,75%,1-3 hrs,<30 min,High,Good,Yes
Yes,Male,CS,159,55,93,56,62,Gaming,1-2 hrs,Evening,<3 LPA,Yes,75%,3-5 hrs,30-60 min,High,Good,No
Yes,Male,IT,169,56,78,62,80,Sports,1-2 hrs,Night,3-5 LPA,Yes,50%,<1 hr,1-2 hrs,Medium,Poor,No
No,Male,IT,165,56,59,64,66,Gaming,1-2 hrs,Evening,3-5 LPA,Yes,100%,<1 hr,<30 min,Medium,Middle,No
Yes,Male,Civil,174,55,64,87,70,Music,1-2 hrs,Morning,3-5 LPA,No,50%,1-3 hrs,<30 min,Medium,Middle,No
Yes,Female,Civil,160,77,83,73,60,Travelling,1-2 hrs,Morning,>8 LPA,Yes,75%,3-5 hrs,1-2 hrs,Low,Good,No
Yes,Male,Mechanical,168,75,63,69,68,Travelling,2-4 hrs,Evening,3-5 LPA,Yes,75%,<1 hr,1-2 hrs,Medium,Good,Yes
Yes,Male,CS,158,63,60,63,78,Music,1-2 hrs,Evening,3-5 LPA,Yes,100%,>5 hrs,<30 min,Medium,Good,Yes
Yes,Female,CS,162,84,92,56,66,Sports,>4 hrs,Evening,3-5 LPA,Yes,75%,<1 hr,>2 hrs,Low,Middle,Yes
Yes,Female,IT,169,64,85,67,69,Travelling,1-2 hrs,Night,3-5 LPA,Yes,50%,3-5 hrs,<30 min,Low,Middle,Yes
Yes,Female,CS,176,58,70,58,83,Travelling,<1 hr,Morning,>8 LPA,Yes,50%,1-3 hrs,<30 min,Medium,Poor,Yes
No,Male,IT,188,51,67,84,76,Travelling,2-4 hrs,Evening,3-5 LPA,Yes,50%,<1 hr,<30 min,Low,Middle,No
Yes,Male,CS,166,50,60,61,79,Gaming,<1 hr,Morning,<3 LPA,Yes,100%,>5 hrs,1-2 hrs,Medium,Middle,Yes
Yes,Female,Mechanical,176,64,74,56,88,Reading,2-4 hrs,Night,3-5 LPA,No,75%,1-3 hrs,30-60 min,Low,Poor,No
Yes,Female,Mechanical,153,74,68,94,85,Gaming,2-4 hrs,Night,<3 LPA,Yes,75%,>5 hrs,>2 hrs,Medium,Middle,No
No,Female,CS,162,81,73,56,82,Travelling,1-2 hrs,Evening,<3 LPA,Yes,50%,<1 hr,>2 hrs,High,Good,Yes
Yes,Male,Mechanical,163,61,64,57,84,Music,1-2 hrs,Night,<3 LPA,Yes,75%,3-5 hrs,>2 hrs,Low,Poor,Yes
Yes,Male,CS,159,61,70,62,71,Sports,2-4 hrs,Morning,3-5 LPA,Yes,75%,3-5 hrs,1-2 hrs,Low,Middle,Yes
Yes,Male,ENTC,159,88,61,93,77,Sports,>4 hrs,Evening,3-5 LPA,No,25%,1-3 hrs,1-2 hrs,Medium,Middle,No
No,Male,Civil,150,60,59,55,70,Gaming,2-4 hrs,Evening,5-8 LPA,Yes,25%,1-3 hrs,>2 hrs,Low,Middle,Yes
No,Male,Mechanical,174,47,89,77,60,Music,2-4 hrs,Evening,5-8 LPA,Yes,50%,3-5 hrs,<30 min,Medium,Middle,No
Yes,Male,Mechanical,160,59,60,68,79,Gaming,1-2 hrs,Evening,5-8 LPA,Yes,75%,>5 hrs,<30 min,High,Middle,No
Yes,Male,IT,186,81,77,69,83,Reading,>4 hrs,Night,5-8 LPA,Yes,75%,>5 hrs,<30 min,Low,Good,Yes
No,Female,Civil,180,45,60,88,73,Travelling,1-2 hrs,Morning,3-5 LPA,No,25%,1-3 hrs,1-2 hrs,High,Middle,No
Yes,Male,Mechanical,178,63,68,53,63,Reading,<1 hr,Night,<3 LPA,Yes,100%,3-5 hrs,30-60 min,Medium,Middle,No
Yes,Male,CS,157,45,76,74,64,Music,2-4 hrs,Evening,>8 LPA,No,50%,1-3 hrs,<30 min,Medium,Middle,No
Yes,Male,ENTC,177,59,58,75,72,Sports,1-2 hrs,Evening,3-5 LPA,Yes,50%,3-5 hrs,30-60 min,Medium,Middle,Yes
No,Male,ENTC,161,88,79,50,65,Reading,1-2 hrs,Night,<3 LPA,Yes,75%,1-3 hrs,30-60 min,Medium,Good,No
No,Female,IT,186,59,56,59,60,Sports,2-4 hrs,Morning,<3 LPA,Yes,50%,>5 hrs,30-60 min,Low,Poor,No
Yes,Male,ENTC,155,55,79,76,80,Reading,1-2 hrs,Night,5-8 LPA,Yes,75%,<1 hr,1-2 hrs,High,Poor,No
Yes,Male,CS,163,59,76,50,63,Travelling,1-2 hrs,Morning,<3 LPA,No,50%,1-3 hrs,30-60 min,High,Middle,No
No,Male,ENTC,177,77,66,82,68,Reading,>4 hrs,Evening,3-5 LPA,Yes,75%,1-3 hrs,30-60 min,Low,Poor,No
Yes,Female,IT,181,81,82,76,72,Sports,2-4 hrs,Night,<3 LPA,Yes,100%,3-5 hrs,1-2 hrs,High,Middle,No
No,Male,Mechanical,183,77,69,82,61,Sports,2-4 hrs,Morning,<3 LPA,Yes,25%,3-5 hrs,30-60 min,Medium,Good,Yes
No,Male,Mechanical,151,46,55,92,80,Sports,2-4 hrs,Morning,<3 LPA,Yes,50%,<1 hr,30-60 min,Medium,Middle,Yes
No,Female,ENTC,183,78,77,90,84,Gaming,2-4 hrs,Night,<3 LPA,Yes,50%,3-5 hrs,>2 hrs,Medium,Middle,No
Yes,Male,ENTC,161,88,71,83,86,Gaming,1-2 hrs,Night,3-5 LPA,No,25%,1-3 hrs,30-60 min,High,Middle,Yes
Yes,Female,ENTC,160,59,72,53,76,Music,2-4 hrs,Evening,<3 LPA,No,50%,1-3 hrs,1-2 hrs,Medium,Poor,Yes
Yes,Female,IT,183,68,67,50,79,Gaming,2-4 hrs,Night,<3 LPA,No,75%,1-3 hrs,>2 hrs,Low,Middle,Yes
Yes,Male,ENTC,185,65,73,72,70,Music,1-2 hrs,Evening,3-5 LPA,Yes,50%,1-3 hrs,>2 hrs,Low,Middle,No
Yes,Male,IT,183,66,78,92,87,Gaming,1-2 hrs,Night,>8 LPA,Yes,75%,>5 hrs,>2 hrs,Medium,Good,Yes
No,Male,Mechanical,170,83,85,88,75,Sports,1-2 hrs,Morning,<3 LPA,No,50%,3-5 hrs,30-60 min,Medium,Good,No
No,Male,IT,166,79,92,86,60,Music,<1 hr,Night,<3 LPA,Yes,75%,3-5 hrs,<30 min,Medium,Good,No
Yes,Male,IT,175,72,75,51,61,Reading,>4 hrs,Night,<3 LPA,No,100%,1-3 hrs,30-60 min,Low,Good,No
No,Male,ENTC,179,70,74,87,61,Gaming,>4 hrs,Morning,<3 LPA,Yes,100%,1-3 hrs,<30 min,Medium,Good,Yes
Yes,Male,ENTC,150,64,87,79,79,Sports,2-4 hrs,Evening,<3 LPA,No,50%,<1 hr,<30 min,Medium,Middle,No
No,Female,Civil,184,72,93,66,83,Gaming,1-2 hrs,Night,3-5 LPA,No,75%,3-5 hrs,30-60 min,Medium,Middle,No
No,Female,ENTC,182,78,87,52,80,Travelling,2-4 hrs,Morning,<3 LPA,Yes,75%,<1 hr,1-2 hrs,Medium,Middle,Yes
No,Male,ENTC,166,60,55,94,71,Sports,1-2 hrs,Evening,3-5 LPA,Yes,50%,1-3 hrs,1-2 hrs,Medium,Poor,Yes
No,Female,IT,182,63,90,69,83,Music,2-4 hrs,Morning,<3 LPA,Yes,25%,1-3 hrs,30-60 min,Medium,Middle,No
Yes,Female,Mechanical,155,55,83,57,73,Sports,2-4 hrs,Evening,5-8 LPA,No,75%,3-5 hrs,30-60 min,Low,Poor,Yes
Yes,Male,IT,168,61,55,71,72,Gaming,<1 hr,Night,<3 LPA,Yes,50%,1-3 hrs,<30 min,Medium,Middle,No
No,Male,Civil,186,50,61,64,71,Reading,<1 hr,Night,<3 LPA,Yes,50%,1-3 hrs,<30 min,Medium,Poor,Yes
No,Male,CS,177,69,76,86,63,Gaming,1-2 hrs,Evening,<3 LPA,Yes,75%,>5 hrs,30-60 min,High,Poor,Yes
No,Female,Mechanical,153,59,85,56,80,Gaming,2-4 hrs,Evening,>8 LPA,Yes,100%,1-3 hrs,30-60 min,High,Middle,No
Yes,Male,CS,183,67,80,65,74,Gaming,1-2 hrs,Evening,>8 LPA,Yes,50%,1-3 hrs,1-2 hrs,Low,Middle,No
Yes,Male,Civil,162,88,71,78,75,Reading,>4 hrs,Night,>8 LPA,Yes,75%,>5 hrs,30-60 min,Low,Good,No
Yes,Female,Mechanical,156,87,91,70,89,Music,1-2 hrs,Morning,<3 LPA,Yes,75%,3-5 hrs,30-60 min,High,Poor,No
No,Female,IT,174,57,56,52,79,Sports,1-2 hrs,Night,3-5 LPA,Yes,50%,3-5 hrs,<30 min,Medium,Middle,No
Yes,Male,CS,156,64,74,71,82,Music,2-4 hrs,Morning,5-8 LPA,No,100%,3-5 hrs,1-2 hrs,Medium,Good,No
No,Male,Mechanical,188,54,70,69,77,Travelling,2-4 hrs,Evening,3-5 LPA,Yes,75%,>5 hrs,>2 hrs,Medium,Good,Yes
Yes,Male,CS,157,76,71,85,66,Gaming,2-4 hrs,Morning,5-8 LPA,Yes,25%,<1 hr,30-60 min,High,Poor,Yes
Yes,Female,IT,173,61,88,85,86,Gaming,2-4 hrs,Night,3-5 LPA,Yes,75%,3-5 hrs,30-60 min,Medium,Middle,Yes
Yes,Male,CS,157,68,63,65,73,Sports,1-2 hrs,Evening,3-5 LPA,Yes,50%,1-3 hrs,<30 min,High,Poor,No
Yes,Male,IT,163,55,62,58,83,Gaming,1-2 hrs,Evening,3-5 LPA,Yes,25%,3-5 hrs,30-60 min,Medium,Middle,No
Yes,Male,CS,161,88,69,69,83,Reading,2-4 hrs,Evening,3-5 LPA,No,50%,<1 hr,30-60 min,Low,Good,Yes
Yes,Female,CS,159,84,57,57,72,Music,2-4 hrs,Evening,3-5 LPA,No,25%,3-5 hrs,1-2 hrs,Medium,Good,No
No,Male,IT,157,70,73,69,80,Music,<1 hr,Night,5-8 LPA,Yes,50%,1-3 hrs,30-60 min,Medium,Middle,No
Yes,Female,IT,151,46,83,82,82,Sports,<1 hr,Morning,3-5 LPA,No,75%,3-5 hrs,1-2 hrs,Medium,Middle,No
Yes,Male,CS,183,71,73,54,69,Gaming,2-4 hrs,Morning,5-8 LPA,Yes,100%,1-3 hrs,1-2 hrs,High,Middle,No
Yes,Female,IT,165,58,85,50,60,Gaming,2-4 hrs,Evening,5-8 LPA,Yes,50%,<1 hr,30-60 min,Medium,Middle,No
No,Male,CS,180,54,75,65,67,Sports,<1 hr,Evening,5-8 LPA,Yes,100%,1-3 hrs,30-60 min,Low,Poor,No
No,Male,IT,168,54,70,59,64,Travelling,2-4 hrs,Night,<3 LPA,Yes,75%,>5 hrs,30-60 min,High,Middle,Yes
Yes,Male,CS,151,60,62,89,75,Gaming,1-2 hrs,Night,3-5 LPA,Yes,50%,1-3 hrs,>2 hrs,Medium,Poor,Yes
Yes,Male,CS,171,54,61,82,77,Reading,2-4 hrs,Morning,5-8 LPA,No,75%,1-3 hrs,<30 min,Medium,Poor,No
Yes,Male,IT,173,77,58,52,60,Music,2-4 hrs,Night,<3 LPA,Yes,75%,<1 hr,<30 min,High,Middle,Yes
Yes,Female,CS,170,71,78,54,66,Sports,>4 hrs,Morning,3-5 LPA,Yes,100%,<1 hr,30-60 min,Low,Middle,No
Yes,Male,Mechanical,156,63,83,94,78,Reading,1-2 hrs,Evening,3-5 LPA,No,75%,3-5 hrs,<30 min,Medium,Middle,No
Yes,Male,CS,174,78,77,67,70,Music,1-2 hrs,Morning,3-5 LPA,Yes,50%,1-3 hrs,<30 min,Low,Good,No
Yes,Male,IT,177,71,76,60,71,Sports,>4 hrs,Night,<3 LPA,Yes,75%,<1 hr,1-2 hrs,High,Middle,Yes
No,Female,CS,168,47,57,76,80,Music,1-2 hrs,Morning,3-5 LPA,No,50%,3-5 hrs,<30 min,Low,Middle,No
Yes,Female,CS,166,65,91,54,88,Sports,2-4 hrs,Night,3-5 LPA,Yes,50%,3-5 hrs,1-2 hrs,Medium,Good,Yes
Yes,Female,Civil,182,89,78,62,81,Reading,2-4 hrs,Evening,<3 LPA,No,100%,3-5 hrs,<30 min,Low,Poor,No
No,Male,IT,169,46,63,61,74,Gaming,1-2 hrs,Night,<3 LPA,Yes,50%,>5 hrs,30-60 min,High,Middle,Yes
Yes,Male,CS,157,66,63,64,79,Music,1-2 hrs,Night,<3 LPA,Yes,75%,3-5 hrs,<30 min,Low,Middle,Yes
No,Female,CS,153,83,82,90,64,Gaming,<1 hr,Evening,>8 LPA,No,50%,1-3 hrs,<30 min,Low,Poor,No
Yes,Male,CS,151,61,65,73,88,Sports,2-4 hrs,Night,3-5 LPA,No,50%,3-5 hrs,>2 hrs,Low,Middle,Yes
No,Female,CS,180,82,85,63,78,Music,<1 hr,Night,5-8 LPA,Yes,25%,>5 hrs,<30 min,Medium,Middle,No
Yes,Male,Civil,189,67,68,90,75,Gaming,<1 hr,Morning,5-8 LPA,Yes,50%,<1 hr,>2 hrs,Medium,Middle,No
Yes,Male,CS,177,88,77,55,73,Music,2-4 hrs,Morning,5-8 LPA,No,75%,1-3 hrs,<30 min,Medium,Middle,No
Yes,Female,ENTC,175,53,93,61,82,Reading,2-4 hrs,Morning,3-5 LPA,Yes,75%,3-5 hrs,>2 hrs,Medium,Middle,Yes
No,Male,IT,150,83,80,92,60,Gaming,2-4 hrs,Evening,5-8 LPA,Yes,75%,1-3 hrs,30-60 min,Medium,Middle,Yes
No,Male,IT,180,80,65,81,73,Reading,1-2 hrs,Morning,3-5 LPA,No,75%,3-5 hrs,30-60 min,Medium,Good,Yes
Yes,Female,CS,153,69,86,85,62,Reading,1-2 hrs,Night,3-5 LPA,No,75%,<1 hr,<30 min,Low,Middle,No
No,Male,IT,154,52,73,58,84,Gaming,<1 hr,Night,3-5 LPA,Yes,50%,1-3 hrs,30-60 min,Medium,Middle,No
Yes,Male,CS,181,83,71,89,63,Travelling,1-2 hrs,Evening,5-8 LPA,No,75%,>5 hrs,30-60 min,Medium,Good,Yes
Yes,Female,IT,158,73,67,84,86,Travelling,<1 hr,Morning,3-5 LPA,No,100%,<1 hr,1-2 hrs,Medium,Middle,No
No,Male,CS,171,74,69,58,63,Music,1-2 hrs,Morning,3-5 LPA,No,100%,1-3 hrs,<30 min,Medium,Middle,No
Yes,Female,IT,181,61,64,86,89,Reading,1-2 hrs,Evening,<3 LPA,Yes,75%,>5 hrs,<30 min,Medium,Good,Yes
Yes,Female,CS,174,89,86,62,64,Music,<1 hr,Morning,5-8 LPA,No,75%,1-3 hrs,<30 min,Medium,Good,Yes
Yes,Male,IT,177,65,74,81,69,Reading,<1 hr,Night,3-5 LPA,Yes,100%,3-5 hrs,30-60 min,Medium,Good,Yes
No,Male,Civil,154,58,88,57,81,Travelling,<1 hr,Morning,<3 LPA,Yes,75%,3-5 hrs,>2 hrs,High,Middle,No
Yes,Male,IT,159,75,69,61,62,Travelling,1-2 hrs,Evening,<3 LPA,No,50%,>5 hrs,1-2 hrs,Medium,Good,Yes
Yes,Male,CS,168,77,80,71,67,Reading,<1 hr,Night,<3 LPA,Yes,50%,3-5 hrs,1-2 hrs,Medium,Poor,No
Yes,Female,Civil,160,71,74,76,72,Gaming,2-4 hrs,Night,3-5 LPA,No,100%,3-5 hrs,<30 min,High,Good,No
Yes,Female,ENTC,150,61,62,69,63,Sports,1-2 hrs,Evening,>8 LPA,Yes,25%,<1 hr,>2 hrs,Medium,Middle,No
No,Female,Mechanical,175,79,85,66,64,Reading,1-2 hrs,Night,3-5 LPA,Yes,75%,1-3 hrs,<30 min,Low,Poor,No
Yes,Female,Mechanical,188,79,80,53,74,Gaming,1-2 hrs,Morning,3-5 LPA,Yes,75%,<1 hr,>2 hrs,Medium,Middle,No
Yes,Female,IT,152,60,76,90,67,Sports,>4 hrs,Night,3-5 LPA,Yes,50%,1-3 hrs,<30 min,Low,Poor,No
Yes,Male,Mechanical,175,51,77,65,62,Reading,1-2 hrs,Morning,<3 LPA,Yes,75%,>5 hrs,<30 min,High,Good,No
No,Female,IT,183,78,77,62,70,Gaming,<1 hr,Evening,<3 LPA,Yes,75%,>5 hrs,>2 hrs,High,Middle,No
No,Male,Mechanical,188,59,75,75,68,Gaming,<1 hr,Night,<3 LPA,Yes,75%,1-3 hrs,30-60 min,Medium,Middle,No
Yes,Male,IT,151,69,88,70,89,Gaming,1-2 hrs,Evening,5-8 LPA,Yes,75%,>5 hrs,<30 min,Medium,Poor,Yes
Yes,Male,Civil,159,81,68,56,71,Gaming,2-4 hrs,Morning,<3 LPA,No,50%,3-5 hrs,1-2 hrs,Medium,Middle,No
No,Male,CS,184,79,81,78,70,Travelling,1-2 hrs,Morning,<3 LPA,No,75%,3-5 hrs,1-2 hrs,Low,Middle,No
Yes,Male,ENTC,165,61,70,91,78,Music,1-2 hrs,Morning,>8 LPA,Yes,50%,<1 hr,<30 min,Medium,Poor,No
Yes,Male,ENTC,161,66,61,64,65,Gaming,1-2 hrs,Night,5-8 LPA,Yes,75%,>5 hrs,30-60 min,Medium,Poor,No
No,Male,IT,169,77,82,81,66,Gaming,1-2 hrs,Night,<3 LPA,Yes,25%,<1 hr,30-60 min,Medium,Middle,No
No,Male,IT,151,70,92,86,61,Gaming,1-2 hrs,Night,5-8 LPA,Yes,50%,1-3 hrs,30-60 min,Medium,Middle,No
No,Male,ENTC,188,64,75,85,77,Sports,1-2 hrs,Night,3-5 LPA,No,75%,1-3 hrs,>2 hrs,Medium,Good,No
Yes,Male,CS,169,63,69,75,66,Gaming,1-2 hrs,Morning,3-5 LPA,No,100%,3-5 hrs,<30 min,Medium,Good,Yes
Yes,Female,Civil,164,77,58,87,80,Gaming,<1 hr,Night,<3 LPA,Yes,100%,<1 hr,30-60 min,High,Middle,No
Yes,Male,Civil,170,86,58,57,80,Music,1-2 hrs,Morning,5-8 LPA,No,75%,>5 hrs,<30 min,Low,Middle,Yes
Yes,Male,ENTC,171,55,58,71,79,Gaming,2-4 hrs,Morning,<3 LPA,Yes,100%,1-3 hrs,30-60 min,Medium,Good,No
Yes,Male,Mechanical,172,72,66,73,77,Music,1-2 hrs,Evening,3-5 LPA,Yes,75%,>5 hrs,<30 min,Medium,Good,No
Yes,Male,CS,186,78,93,75,74,Gaming,2-4 hrs,Evening,<3 LPA,No,75%,>5 hrs,1-2 hrs,Medium,Good,Yes
No,Male,CS,158,61,71,54,76,Gaming,>4 hrs,Night,<3 LPA,Yes,50%,1-3 hrs,30-60 min,High,Middle,No
Yes,Male,ENTC,180,56,88,79,86,Travelling,2-4 hrs,Morning,<3 LPA,Yes,50%,1-3 hrs,30-60 min,High,Middle,No
Yes,Female,CS,177,49,81,70,77,Sports,1-2 hrs,Evening,5-8 LPA,Yes,75%,1-3 hrs,>2 hrs,Medium,Good,Yes
Yes,Male,IT,166,86,86,52,73,Travelling,1-2 hrs,Evening,5-8 LPA,Yes,50%,3-5 hrs,1-2 hrs,Low,Poor,Yes
Yes,Female,ENTC,150,69,78,86,75,Gaming,1-2 hrs,Morning,5-8 LPA,Yes,75%,1-3 hrs,>2 hrs,Medium,Poor,No
Yes,Male,ENTC,176,48,89,74,71,Sports,2-4 hrs,Morning,3-5 LPA,No,25%,<1 hr,<30 min,Low,Middle,Yes
Yes,Male,ENTC,167,62,82,83,62,Gaming,1-2 hrs,Evening,<3 LPA,No,75%,1-3 hrs,30-60 min,High,Middle,Yes
Yes,Male,CS,161,88,58,64,77,Reading,2-4 hrs,Evening,3-5 LPA,Yes,50%,1-3 hrs,30-60 min,Low,Middle,No
Yes,Female,CS,161,72,66,83,79,Music,1-2 hrs,Evening,<3 LPA,Yes,100%,3-5 hrs,<30 min,High,Middle,No
Yes,Male,CS,186,54,83,54,78,Gaming,2-4 hrs,Evening,3-5 LPA,Yes,100%,3-5 hrs,>2 hrs,Low,Middle,No
Yes,Female,Civil,181,47,65,61,74,Sports,1-2 hrs,Evening,3-5 LPA,Yes,75%,1-3 hrs,30-60 min,Low,Middle,No
Yes,Male,CS,169,66,58,85,62,Music,1-2 hrs,Morning,<3 LPA,No,75%,>5 hrs,<30 min,Low,Good,No
No,Male,ENTC,182,63,75,61,75,Gaming,2-4 hrs,Evening,<3 LPA,No,75%,3-5 hrs,<30 min,High,Poor,No
Yes,Male,IT,180,64,67,57,83,Music,1-2 hrs,Night,3-5 LPA,Yes,50%,3-5 hrs,30-60 min,Medium,Middle,No
Yes,Male,CS,180,64,62,88,84,Sports,>4 hrs,Night,5-8 LPA,Yes,75%,1-3 hrs,30-60 min,Low,Middle,No
Yes,Male,IT,155,83,67,65,75,Sports,<1 hr,Morning,3-5 LPA,Yes,25%,3-5 hrs,1-2 hrs,Low,Poor,Yes
No,Male,CS,157,85,62,81,73,Sports,1-2 hrs,Evening,<3 LPA,Yes,75%,1-3 hrs,30-60 min,Medium,Poor,No
No,Male,ENTC,154,86,84,84,67,Music,<1 hr,Morning,5-8 LPA,Yes,75%,1-3 hrs,>2 hrs,Low,Poor,No
Yes,Male,IT,154,76,81,58,87,Gaming,1-2 hrs,Evening,3-5 LPA,No,75%,<1 hr,30-60 min,Medium,Poor,No
Yes,Female,CS,174,65,60,57,67,Music,<1 hr,Evening,3-5 LPA,Yes,25%,1-3 hrs,30-60 min,Low,Middle,Yes
Yes,Female,IT,185,50,87,81,89,Music,1-2 hrs,Night,>8 LPA,Yes,75%,1-3 hrs,1-2 hrs,Low,Good,No
Yes,Female,CS,184,66,90,69,61,Reading,2-4 hrs,Morning,3-5 LPA,Yes,25%,3-5 hrs,<30 min,Low,Good,Yes
Yes,Female,ENTC,156,71,91,58,64,Gaming,<1 hr,Evening,<3 LPA,Yes,25%,3-5 hrs,<30 min,Medium,Middle,No
Yes,Male,CS,155,56,64,71,68,Sports,<1 hr,Morning,<3 LPA,Yes,75%,1-3 hrs,<30 min,Low,Poor,Yes
Yes,Female,IT,182,89,85,89,65,Gaming,1-2 hrs,Evening,5-8 LPA,Yes,75%,1-3 hrs,<30 min,High,Middle,No
Yes,Male,CS,181,82,84,50,83,Gaming,2-4 hrs,Night,3-5 LPA,Yes,75%,1-3 hrs,30-60 min,Medium,Middle,Yes
No,Female,ENTC,169,46,84,79,71,Sports,1-2 hrs,Evening,3-5 LPA,No,75%,<1 hr,<30 min,Medium,Middle,Yes
No,Male,ENTC,186,79,74,88,78,Gaming,<1 hr,Night,5-8 LPA,No,100%,<1 hr,<30 min,Low,Poor,Yes
Yes,Female,CS,176,50,72,59,72,Music,1-2 hrs,Morning,3-5 LPA,Yes,75%,1-3 hrs,1-2 hrs,Low,Poor,Yes
Yes,Male,ENTC,182,88,81,75,66,Sports,>4 hrs,Morning,<3 LPA,Yes,75%,3-5 hrs,<30 min,High,Good,Yes
Yes,Male,IT,181,50,91,58,62,Reading,1-2 hrs,Night,>8 LPA,Yes,25%,1-3 hrs,1-2 hrs,High,Good,Yes
No,Male,CS,176,51,55,94,62,Travelling,1-2 hrs,Morning,5-8 LPA,Yes,50%,3-5 hrs,<30 min,Medium,Good,No
Yes,Female,Mechanical,174,79,70,68,63,Gaming,<1 hr,Evening,3-5 LPA,Yes,75%,<1 hr,1-2 hrs,High,Middle,Yes
Yes,Male,IT,166,84,91,80,65,Travelling,1-2 hrs,Evening,<3 LPA,Yes,50%,1-3 hrs,>2 hrs,Low,Good,Yes
No,Male,Mechanical,182,51,75,69,60,Travelling,<1 hr,Evening,5-8 LPA,No,75%,1-3 hrs,30-60 min,Medium,Good,Yes
Yes,Male,ENTC,153,64,63,64,68,Gaming,>4 hrs,Evening,3-5 LPA,No,75%,3-5 hrs,<30 min,Medium,Poor,No
No,Female,CS,155,48,81,76,83,Gaming,1-2 hrs,Morning,5-8 LPA,Yes,50%,3-5 hrs,<30 min,Medium,Middle,Yes
Yes,Female,CS,154,53,60,78,84,Gaming,>4 hrs,Night,3-5 LPA,Yes,100%,1-3 hrs,1-2 hrs,High,Good,No
No,Male,Mechanical,184,53,67,61,80,Music,<1 hr,Evening,3-5 LPA,Yes,100%,1-3 hrs,<30 min,Medium,Good,Yes
Yes,Female,CS,174,85,74,65,88,Travelling,2-4 hrs,Night,5-8 LPA,Yes,75%,<1 hr,>2 hrs,Medium,Poor,Yes
Yes,Male,ENTC,162,60,63,52,80,Sports,1-2 hrs,Evening,>8 LPA,Yes,25%,1-3 hrs,1-2 hrs,Medium,Poor,No
Yes,Male,IT,177,60,94,62,70,Travelling,1-2 hrs,Evening,<3 LPA,Yes,75%,<1 hr,<30 min,Medium,Good,Yes
No,Male,CS,167,57,66,54,85,Gaming,>4 hrs,Evening,3-5 LPA,Yes,25%,1-3 hrs,30-60 min,Medium,Middle,Yes
Yes,Male,Mechanical,188,89,85,52,86,Music,1-2 hrs,Evening,3-5 LPA,Yes,100%,1-3 hrs,1-2 hrs,Medium,Middle,Yes
No,Male,ENTC,184,62,68,83,67,Gaming,2-4 hrs,Night,3-5 LPA,No,100%,>5 hrs,30-60 min,Medium,Good,Yes
Yes,Male,Mechanical,151,89,89,58,74,Music,2-4 hrs,Night,<3 LPA,Yes,50%,1-3 hrs,<30 min,High,Middle,Yes
Yes,Male,CS,185,61,67,72,82,Reading,1-2 hrs,Night,<3 LPA,No,75%,>5 hrs,>2 hrs,High,Middle,No
Yes,Male,CS,155,55,60,93,71,Music,1-2 hrs,Morning,5-8 LPA,Yes,75%,1-3 hrs,1-2 hrs,Medium,Good,No
No,Male,ENTC,189,75,91,68,85,Gaming,<1 hr,Morning,3-5 LPA,Yes,50%,<1 hr,1-2 hrs,Low,Good,No
No,Male,ENTC,187,75,56,63,81,Music,2-4 hrs,Morning,<3 LPA,No,50%,3-5 hrs,1-2 hrs,High,Good,No
No,Male,Mechanical,176,86,74,66,79,Music,1-2 hrs,Morning,<3 LPA,Yes,50%,1-3 hrs,30-60 min,High,Middle,No
No,Male,ENTC,180,79,76,82,82,Sports,>4 hrs,Evening,3-5 LPA,Yes,100%,3-5 hrs,<30 min,Low,Good,Yes
No,Female,CS,161,51,84,87,87,Sports,>4 hrs,Morning,3-5 LPA,No,75%,1-3 hrs,<30 min,Medium,Middle,Yes
Yes,Male,IT,168,62,60,73,74,Travelling,>4 hrs,Evening,5-8 LPA,No,50%,3-5 hrs,1-2 hrs,Medium,Good,Yes
Yes,Male,IT,182,54,67,52,67,Music,<1 hr,Night,5-8 LPA,Yes,75%,<1 hr,30-60 min,Low,Middle,No
Yes,Male,IT,187,54,70,60,77,Sports,>4 hrs,Morning,>8 LPA,No,50%,<1 hr,>2 hrs,High,Middle,No
Yes,Male,Mechanical,173,52,62,87,78,Reading,2-4 hrs,Evening,5-8 LPA,Yes,25%,1-3 hrs,>2 hrs,Medium,Middle,No
Yes,Female,CS,187,87,68,78,87,Reading,<1 hr,Morning,3-5 LPA,Yes,75%,1-3 hrs,30-60 min,Low,Middle,No
Yes,Male,CS,159,82,67,51,60,Reading,1-2 hrs,Evening,3-5 LPA,Yes,100%,<1 hr,>2 hrs,Medium,Good,Yes
Yes,Female,CS,173,45,83,69,79,Reading,2-4 hrs,Evening,<3 LPA,Yes,50%,>5 hrs,30-60 min,Medium,Poor,No
Yes,Male,IT,177,88,68,57,84,Sports,1-2 hrs,Morning,5-8 LPA,Yes,25%,>5 hrs,<30 min,Low,Good,No
Yes,Male,ENTC,163,50,79,56,89,Sports,1-2 hrs,Morning,3-5 LPA,Yes,100%,<1 hr,1-2 hrs,Medium,Middle,Yes
Yes,Female,CS,180,78,60,82,76,Travelling,2-4 hrs,Morning,3-5 LPA,Yes,100%,>5 hrs,<30 min,Medium,Middle,Yes
Yes,Male,ENTC,173,85,60,78,66,Sports,2-4 hrs,Morning,5-8 LPA,No,100%,>5 hrs,30-60 min,Low,Middle,No
Yes,Male,ENTC,152,78,65,77,73,Music,2-4 hrs,Night,3-5 LPA,Yes,75%,<1 hr,30-60 min,Medium,Middle,No
Yes,Female,CS,159,61,65,73,67,Sports,1-2 hrs,Evening,5-8 LPA,Yes,75%,<1 hr,1-2 hrs,Medium,Good,No
Yes,Female,IT,178,72,59,72,67,Travelling,2-4 hrs,Night,<3 LPA,Yes,25%,<1 hr,1-2 hrs,High,Middle,No
Yes,Male,CS,152,89,80,81,63,Gaming,>4 hrs,Morning,3-5 LPA,Yes,50%,1-3 hrs,1-2 hrs,High,Good,No
Yes,Female,CS,169,76,80,65,84,Music,<1 hr,Evening,5-8 LPA,Yes,25%,1-3 hrs,1-2 hrs,Medium,Poor,No
No,Male,ENTC,185,73,58,64,73,Reading,1-2 hrs,Morning,3-5 LPA,Yes,100%,1-3 hrs,1-2 hrs,Low,Middle,No
Yes,Female,IT,164,61,62,85,68,Travelling,<1 hr,Night,>8 LPA,Yes,50%,>5 hrs,1-2 hrs,Medium,Middle,Yes
No,Male,CS,152,52,80,55,82,Gaming,1-2 hrs,Night,<3 LPA,Yes,75%,1-3 hrs,1-2 hrs,High,Good,Yes
Yes,Female,IT,184,85,77,81,67,Reading,>4 hrs,Night,3-5 LPA,No,75%,1-3 hrs,30-60 min,Low,Poor,No
No,Female,ENTC,161,62,64,59,83,Gaming,1-2 hrs,Night,3-5 LPA,Yes,50%,1-3 hrs,1-2 hrs,Low,Middle,No
Yes,Male,CS,189,74,78,88,84,Sports,1-2 hrs,Morning,3-5 LPA,Yes,100%,>5 hrs,30-60 min,High,Poor,Yes
Yes,Male,ENTC,183,67,62,90,72,Sports,2-4 hrs,Night,<3 LPA,No,75%,1-3 hrs,<30 min,Medium,Poor,No
Yes,Male,Civil,184,69,64,87,83,Gaming,2-4 hrs,Morning,5-8 LPA,No,100%,<1 hr,<30 min,High,Middle,Yes
Yes,Male,CS,160,47,59,61,77,Sports,1-2 hrs,Night,>8 LPA,No,50%,3-5 hrs,1-2 hrs,Medium,Good,No
Yes,Female,CS,153,79,74,93,74,Sports,<1 hr,Evening,<3 LPA,Yes,50%,>5 hrs,30-60 min,Medium,Middle,Yes
No,Male,Mechanical,179,62,69,77,66,Sports,2-4 hrs,Morning,5-8 LPA,No,50%,3-5 hrs,<30 min,Medium,Good,No
No,Female,IT,176,74,74,55,83,Gaming,2-4 hrs,Night,5-8 LPA,Yes,75%,1-3 hrs,30-60 min,Medium,Middle,Yes
Yes,Female,Mechanical,150,78,65,94,80,Reading,2-4 hrs,Night,5-8 LPA,No,75%,1-3 hrs,<30 min,High,Poor,Yes
Yes,Male,IT,155,74,62,83,67,Reading,<1 hr,Morning,3-5 LPA,Yes,75%,<1 hr,30-60 min,Medium,Good,Yes
Yes,Male,IT,152,84,74,94,70,Reading,<1 hr,Evening,<3 LPA,No,75%,>5 hrs,30-60 min,Medium,Middle,Yes
Yes,Female,IT,172,85,76,66,69,Music,<1 hr,Night,5-8 LPA,No,25%,<1 hr,>2 hrs,Medium,Poor,Yes
Yes,Female,ENTC,172,67,86,78,78,Travelling,2-4 hrs,Morning,5-8 LPA,Yes,25%,>5 hrs,30-60 min,Medium,Good,No
No,Female,CS,172,70,68,65,77,Sports,2-4 hrs,Morning,3-5 LPA,Yes,50%,1-3 hrs,30-60 min,High,Middle,No
No,Female,Civil,170,77,74,66,80,Gaming,<1 hr,Evening,>8 LPA,Yes,100%,1-3 hrs,30-60 min,Medium,Middle,Yes
No,Male,Civil,151,66,62,50,70,Gaming,>4 hrs,Morning,5-8 LPA,Yes,100%,3-5 hrs,30-60 min,High,Good,Yes
No,Male,Mechanical,175,68,78,65,78,Reading,2-4 hrs,Morning,<3 LPA,Yes,100%,<1 hr,1-2 hrs,Medium,Good,Yes
Yes,Male,Mechanical,156,65,62,90,64,Reading,2-4 hrs,Morning,3-5 LPA,Yes,75%,3-5 hrs,30-60 min,Low,Middle,No
Yes,Female,Civil,176,86,91,57,67,Reading,2-4 hrs,Morning,>8 LPA,No,50%,1-3 hrs,30-60 min,Low,Middle,No
No,Male,Mechanical,161,79,61,90,60,Gaming,1-2 hrs,Night,<3 LPA,No,25%,1-3 hrs,1-2 hrs,Medium,Middle,Yes
Yes,Male,IT,179,46,65,84,69,Travelling,1-2 hrs,Morning,<3 LPA,Yes,50%,1-3 hrs,30-60 min,Low,Middle,No
Yes,Male,Mechanical,184,66,64,62,82,Reading,<1 hr,Evening,3-5 LPA,Yes,50%,3-5 hrs,<30 min,High,Poor,Yes
No,Male,Mechanical,154,47,75,51,79,Travelling,<1 hr,Morning,<3 LPA,No,100%,3-5 hrs,30-60 min,Low,Good,No
Yes,Female,IT,174,70,70,94,78,Music,1-2 hrs,Night,5-8 LPA,Yes,25%,1-3 hrs,1-2 hrs,High,Poor,Yes
Yes,Male,CS,172,53,76,87,83,Reading,1-2 hrs,Night,<3 LPA,Yes,25%,3-5 hrs,1-2 hrs,Low,Middle,No
No,Male,CS,189,80,68,81,64,Travelling,1-2 hrs,Evening,3-5 LPA,Yes,25%,1-3 hrs,<30 min,Medium,Good,No
Yes,Male,IT,185,46,66,87,83,Music,<1 hr,Morning,<3 LPA,Yes,50%,3-5 hrs,30-60 min,Low,Middle,Yes
Yes,Male,Mechanical,174,86,86,74,64,Music,>4 hrs,Evening,<3 LPA,Yes,50%,1-3 hrs,<30 min,Medium,Middle,No
No,Male,ENTC,165,64,64,77,60,Gaming,<1 hr,Morning,3-5 LPA,Yes,100%,1-3 hrs,30-60 min,High,Middle,No
Yes,Male,ENTC,174,46,90,54,62,Gaming,2-4 hrs,Night,3-5 LPA,Yes,75%,<1 hr,1-2 hrs,Medium,Middle,No
No,Female,CS,173,59,87,50,76,Music,2-4 hrs,Morning,3-5 LPA,No,100%,<1 hr,1-2 hrs,Medium,Middle,No
Yes,Female,CS,152,62,61,55,89,Sports,1-2 hrs,Night,3-5 LPA,No,25%,1-3 hrs,<30 min,Medium,Poor,No
Yes,Male,ENTC,188,74,73,55,65,Music,<1 hr,Evening,3-5 LPA,Yes,50%,<1 hr,30-60 min,High,Good,No
Yes,Male,CS,163,60,77,81,71,Reading,2-4 hrs,Evening,3-5 LPA,Yes,100%,1-3 hrs,1-2 hrs,Medium,Poor,Yes
No,Female,Mechanical,165,74,65,61,75,Music,1-2 hrs,Evening,5-8 LPA,Yes,75%,3-5 hrs,<30 min,Medium,Poor,No
Yes,Male,Mechanical,178,87,88,79,88,Sports,2-4 hrs,Evening,3-5 LPA,Yes,100%,3-5 hrs,<30 min,Medium,Middle,Yes
Yes,Male,Civil,176,59,89,87,64,Travelling,2-4 hrs,Morning,<3 LPA,Yes,75%,>5 hrs,30-60 min,Low,Middle,Yes
Yes,Female,CS,173,72,89,50,60,Music,1-2 hrs,Night,3-5 LPA,Yes,100%,1-3 hrs,30-60 min,High,Middle,No
No,Male,Mechanical,167,80,62,50,60,Gaming,2-4 hrs,Night,<3 LPA,Yes,100%,3-5 hrs,>2 hrs,Low,Good,No
No,Male,CS,153,70,59,87,87,Reading,1-2 hrs,Morning,>8 LPA,No,100%,3-5 hrs,30-60 min,High,Good,Yes
No,Female,CS,165,64,73,91,66,Travelling,2-4 hrs,Evening,5-8 LPA,Yes,75%,1-3 hrs,1-2 hrs,Low,Middle,No
Yes,Female,Mechanical,169,77,63,66,61,Reading,2-4 hrs,Evening,<3 LPA,Yes,50%,1-3 hrs,<30 min,Low,Middle,Yes
Yes,Male,IT,161,74,74,93,62,Travelling,<1 hr,Morning,5-8 LPA,Yes,100%,>5 hrs,1-2 hrs,Medium,Middle,Yes
No,Female,CS,179,62,83,70,70,Travelling,>4 hrs,Night,>8 LPA,No,50%,<1 hr,1-2 hrs,Low,Poor,No
Yes,Male,ENTC,167,55,94,50,65,Reading,>4 hrs,Night,3-5 LPA,Yes,50%,1-3 hrs,30-60 min,Medium,Good,No
Yes,Male,IT,185,46,79,69,73,Sports,1-2 hrs,Evening,<3 LPA,Yes,75%,1-3 hrs,1-2 hrs,Medium,Good,Yes
No,Male,ENTC,175,63,93,58,83,Travelling,1-2 hrs,Evening,<3 LPA,Yes,100%,3-5 hrs,1-2 hrs,Medium,Poor,No
Yes,Male,IT,168,56,74,88,84,Travelling,2-4 hrs,Evening,5-8 LPA,Yes,100%,3-5 hrs,1-2 hrs,Medium,Middle,Yes
Yes,Male,ENTC,178,57,79,69,62,Music,<1 hr,Night,3-5 LPA,Yes,25%,<1 hr,<30 min,High,Poor,Yes
No,Female,CS,174,60,76,75,70,Gaming,1-2 hrs,Morning,5-8 LPA,Yes,50%,<1 hr,30-60 min,Medium,Poor,No
Yes,Male,ENTC,180,81,71,92,78,Sports,2-4 hrs,Morning,3-5 LPA,Yes,75%,<1 hr,<30 min,High,Poor,No
No,Female,IT,184,50,76,68,60,Sports,1-2 hrs,Night,>8 LPA,Yes,100%,3-5 hrs,30-60 min,High,Middle,Yes
No,Female,CS,162,89,60,83,82,Gaming,1-2 hrs,Evening,5-8 LPA,Yes,50%,3-5 hrs,30-60 min,High,Middle,Yes
Yes,Male,CS,187,78,85,55,66,Sports,1-2 hrs,Evening,>8 LPA,Yes,25%,3-5 hrs,1-2 hrs,Low,Middle,No
Yes,Female,CS,156,64,55,86,65,Sports,2-4 hrs,Night,3-5 LPA,Yes,50%,3-5 hrs,<30 min,High,Middle,No
Yes,Female,Mechanical,162,45,79,92,80,Music,<1 hr,Night,3-5 LPA,Yes,25%,1-3 hrs,<30 min,Medium,Middle,Yes
No,Male,Mechanical,182,66,66,76,71,Gaming,2-4 hrs,Morning,5-8 LPA,Yes,75%,3-5 hrs,>2 hrs,Medium,Middle,No
No,Female,IT,188,61,62,78,82,Sports,1-2 hrs,Night,5-8 LPA,Yes,75%,3-5 hrs,30-60 min,High,Middle,No
No,Male,Mechanical,176,63,63,68,88,Reading,2-4 hrs,Evening,3-5 LPA,Yes,50%,1-3 hrs,<30 min,High,Poor,No
Yes,Male,CS,154,58,74,77,69,Music,2-4 hrs,Morning,3-5 LPA,Yes,75%,<1 hr,1-2 hrs,Low,Middle,Yes
Yes,Female,Mechanical,167,46,91,81,73,Sports,1-2 hrs,Evening,3-5 LPA,Yes,75%,3-5 hrs,<30 min,Medium,Middle,No
No,Male,CS,180,69,78,55,71,Music,2-4 hrs,Evening,<3 LPA,Yes,75%,1-3 hrs,<30 min,Medium,Middle,No
Yes,Male,CS,158,64,91,57,69,Travelling,2-4 hrs,Morning,5-8 LPA,No,75%,1-3 hrs,<30 min,Low,Poor,Yes
No,Male,Mechanical,185,54,76,86,89,Sports,2-4 hrs,Evening,<3 LPA,No,75%,<1 hr,<30 min,High,Middle,Yes
Yes,Female,Mechanical,166,48,55,82,86,Music,2-4 hrs,Night,3-5 LPA,Yes,25%,<1 hr,<30 min,Medium,Poor,No
Yes,Female,CS,150,75,57,51,73,Sports,1-2 hrs,Night,5-8 LPA,Yes,50%,<1 hr,<30 min,High,Middle,No
Yes,Female,ENTC,156,78,69,87,80,Gaming,<1 hr,Night,3-5 LPA,Yes,100%,1-3 hrs,30-60 min,High,Good,No
No,Male,ENTC,162,50,62,60,70,Gaming,2-4 hrs,Morning,<3 LPA,No,50%,3-5 hrs,30-60 min,Medium,Middle,Yes
Yes,Male,CS,159,85,89,51,65,Sports,<1 hr,Evening,3-5 LPA,No,75%,1-3 hrs,30-60 min,High,Poor,No
Yes,Male,Mechanical,187,55,65,87,73,Travelling,>4 hrs,Evening,5-8 LPA,No,50%,3-5 hrs,30-60 min,High,Good,No
No,Male,ENTC,161,85,69,60,70,Sports,1-2 hrs,Morning,<3 LPA,Yes,100%,>5 hrs,1-2 hrs,Medium,Middle,No
No,Female,ENTC,152,67,87,70,72,Reading,2-4 hrs,Night,<3 LPA,Yes,25%,3-5 hrs,1-2 hrs,Medium,Middle,Yes
No,Female,CS,171,66,78,67,65,Sports,>4 hrs,Morning,<3 LPA,Yes,25%,1-3 hrs,1-2 hrs,High,Middle,No
Yes,Male,ENTC,178,51,79,79,75,Reading,1-2 hrs,Night,3-5 LPA,Yes,50%,1-3 hrs,<30 min,Low,Good,Yes
Yes,Male,Civil,185,86,93,80,77,Reading,2-4 hrs,Evening,5-8 LPA,No,75%,>5 hrs,>2 hrs,Medium,Poor,No
No,Male,CS,156,87,61,87,82,Sports,2-4 hrs,Evening,3-5 LPA,No,25%,>5 hrs,30-60 min,Medium,Good,Yes
No,Female,IT,165,85,68,84,71,Gaming,1-2 hrs,Evening,3-5 LPA,No,25%,<1 hr,>2 hrs,High,Poor,No
Yes,Male,IT,164,86,92,65,84,Travelling,2-4 hrs,Evening,<3 LPA,Yes,50%,1-3 hrs,1-2 hrs,Low,Middle,No
Yes,Male,ENTC,151,87,69,52,74,Music,2-4 hrs,Night,5-8 LPA,Yes,100%,>5 hrs,1-2 hrs,High,Middle,No
No,Male,CS,158,63,85,66,84,Gaming,>4 hrs,Evening,3-5 LPA,Yes,50%,1-3 hrs,<30 min,Medium,Middle,Yes
Yes,Male,Mechanical,180,55,78,88,74,Music,2-4 hrs,Night,3-5 LPA,Yes,25%,1-3 hrs,<30 min,Medium,Poor,No
Yes,Male,CS,187,70,66,61,63,Gaming,<1 hr,Evening,>8 LPA,No,50%,<1 hr,<30 min,High,Middle,Yes
No,Male,CS,157,50,61,88,62,Sports,>4 hrs,Evening,3-5 LPA,Yes,25%,1-3 hrs,1-2 hrs,Medium,Poor,No
No,Female,IT,152,74,70,52,60,Music,2-4 hrs,Night,3-5 LPA,Yes,100%,3-5 hrs,1-2 hrs,Medium,Poor,No
Yes,Female,CS,169,84,61,68,61,Gaming,2-4 hrs,Evening,3-5 LPA,Yes,75%,<1 hr,>2 hrs,Low,Middle,Yes
No,Male,ENTC,167,65,77,74,60,Music,2-4 hrs,Morning,3-5 LPA,Yes,75%,<1 hr,30-60 min,Medium,Middle,No
Yes,Female,CS,181,65,68,66,80,Music,2-4 hrs,Night,5-8 LPA,No,50%,1-3 hrs,<30 min,Low,Good,No
No,Female,IT,177,68,69,78,61,Gaming,2-4 hrs,Morning,<3 LPA,Yes,75%,<1 hr,1-2 hrs,Medium,Middle,No
Yes,Male,Mechanical,163,56,72,71,63,Reading,<1 hr,Morning,5-8 LPA,Yes,75%,>5 hrs,1-2 hrs,Medium,Poor,No
Yes,Female,Civil,174,63,92,50,86,Music,2-4 hrs,Morning,5-8 LPA,Yes,50%,<1 hr,1-2 hrs,Medium,Middle,No
Yes,Male,CS,167,70,89,79,78,Reading,2-4 hrs,Morning,3-5 LPA,Yes,50%,<1 hr,30-60 min,Medium,Middle,No
No,Male,CS,181,66,67,55,82,Gaming,2-4 hrs,Evening,3-5 LPA,Yes,50%,>5 hrs,30-60 min,Low,Middle,No
No,Male,IT,173,86,70,64,63,Music,2-4 hrs,Morning,<3 LPA,Yes,75%,3-5 hrs,<30 min,Medium,Middle,No
Yes,Male,IT,178,46,90,56,87,Sports,<1 hr,Night,<3 LPA,Yes,50%,1-3 hrs,30-60 min,High,Middle,No
Yes,Male,ENTC,181,76,90,65,70,Sports,2-4 hrs,Night,3-5 LPA,Yes,25%,1-3 hrs,<30 min,Medium,Poor,Yes
No,Male,CS,153,47,58,52,71,Sports,<1 hr,Morning,3-5 LPA,Yes,50%,1-3 hrs,<30 min,Medium,Middle,Yes
Yes,Female,ENTC,173,63,70,87,85,Sports,<1 hr,Night,3-5 LPA,No,50%,1-3 hrs,30-60 min,High,Middle,No
Yes,Female,IT,156,76,60,73,80,Gaming,2-4 hrs,Morning,5-8 LPA,Yes,50%,>5 hrs,30-60 min,Medium,Good,No
No,Male,CS,150,62,73,91,87,Gaming,<1 hr,Morning,3-5 LPA,Yes,50%,1-3 hrs,30-60 min,Medium,Good,No
Yes,Female,ENTC,180,65,57,56,67,Sports,2-4 hrs,Evening,<3 LPA,Yes,100%,>5 hrs,1-2 hrs,Low,Good,No
Yes,Male,CS,151,76,77,58,80,Music,1-2 hrs,Night,>8 LPA,Yes,75%,1-3 hrs,30-60 min,Medium,Good,Yes
No,Female,IT,181,48,94,65,67,Gaming,<1 hr,Night,3-5 LPA,Yes,50%,<1 hr,30-60 min,High,Middle,Yes
Yes,Male,IT,166,56,73,53,70,Reading,>4 hrs,Morning,3-5 LPA,Yes,75%,1-3 hrs,>2 hrs,Low,Middle,Yes
Yes,Male,Civil,160,53,92,83,82,Sports,>4 hrs,Night,5-8 LPA,Yes,25%,1-3 hrs,1-2 hrs,Medium,Good,Yes
No,Female,Mechanical,157,58,69,81,81,Travelling,2-4 hrs,Morning,3-5 LPA,No,100%,3-5 hrs,<30 min,High,Good,Yes
Yes,Male,Civil,179,49,90,53,65,Gaming,1-2 hrs,Morning,5-8 LPA,No,100%,>5 hrs,<30 min,High,Good,Yes
Yes,Male,CS,168,68,80,65,86,Sports,<1 hr,Morning,<3 LPA,No,75%,1-3 hrs,30-60 min,High,Poor,No
Yes,Female,CS,189,70,87,71,88,Reading,2-4 hrs,Morning,3-5 LPA,No,100%,1-3 hrs,<30 min,Low,Middle,Yes
Yes,Female,CS,189,80,70,79,86,Sports,2-4 hrs,Morning,5-8 LPA,No,75%,<1 hr,1-2 hrs,Medium,Poor,No
Yes,Female,CS,164,49,73,61,69,Gaming,<1 hr,Evening,3-5 LPA,Yes,25%,<1 hr,<30 min,Low,Middle,No
No,Male,CS,164,50,60,93,65,Sports,>4 hrs,Morning,>8 LPA,Yes,25%,1-3 hrs,<30 min,High,Middle,Yes
Yes,Male,Mechanical,152,79,77,93,70,Gaming,<1 hr,Evening,<3 LPA,Yes,75%,1-3 hrs,<30 min,Medium,Good,No
No,Male,CS,177,84,76,73,80,Music,1-2 hrs,Evening,3-5 LPA,Yes,50%,>5 hrs,>2 hrs,High,Middle,Yes
Yes,Male,ENTC,158,89,64,80,82,Travelling,<1 hr,Morning,5-8 LPA,Yes,25%,1-3 hrs,<30 min,Medium,Good,No
Yes,Male,CS,169,73,80,91,67,Reading,1-2 hrs,Night,<3 LPA,Yes,25%,3-5 hrs,<30 min,High,Good,Yes
Yes,Male,Mechanical,177,62,75,78,87,Reading,1-2 hrs,Night,<3 LPA,Yes,75%,<1 hr,1-2 hrs,Low,Good,No
No,Male,Civil,181,54,55,78,87,Reading,>4 hrs,Night,<3 LPA,Yes,75%,3-5 hrs,30-60 min,High,Middle,No
Yes,Male,CS,173,67,82,63,80,Music,<1 hr,Morning,5-8 LPA,No,50%,<1 hr,1-2 hrs,Medium,Middle,No
Yes,Male,CS,160,47,78,51,79,Music,2-4 hrs,Morning,3-5 LPA,Yes,75%,<1 hr,<30 min,High,Middle,No
Yes,Female,Civil,150,49,90,56,85,Gaming,>4 hrs,Night,5-8 LPA,Yes,75%,<1 hr,1-2 hrs,Medium,Poor,No
Yes,Male,IT,182,55,88,85,85,Reading,1-2 hrs,Night,<3 LPA,Yes,100%,3-5 hrs,1-2 hrs,Medium,Good,No
Yes,Male,CS,167,82,59,83,74,Sports,2-4 hrs,Night,>8 LPA,Yes,50%,<1 hr,<30 min,High,Good,No
No,Female,Mechanical,187,47,70,92,74,Gaming,1-2 hrs,Morning,>8 LPA,Yes,75%,1-3 hrs,>2 hrs,Medium,Poor,No
Yes,Male,CS,184,69,66,79,70,Gaming,1-2 hrs,Evening,3-5 LPA,Yes,100%,3-5 hrs,30-60 min,Medium,Good,Yes
Yes,Male,IT,179,51,88,76,78,Sports,1-2 hrs,Night,<3 LPA,No,50%,<1 hr,<30 min,High,Middle,No
Yes,Female,ENTC,169,62,55,94,62,Gaming,2-4 hrs,Morning,5-8 LPA,No,100%,1-3 hrs,<30 min,Medium,Good,No
Yes,Male,IT,155,67,74,89,69,Travelling,1-2 hrs,Morning,5-8 LPA,Yes,100%,3-5 hrs,<30 min,High,Middle,Yes
No,Male,Mechanical,170,66,66,56,74,Reading,1-2 hrs,Morning,5-8 LPA,Yes,75%,1-3 hrs,<30 min,High,Poor,No
No,Male,CS,168,71,61,77,65,Travelling,2-4 hrs,Morning,3-5 LPA,Yes,25%,<1 hr,<30 min,Medium,Poor,No
No,Male,CS,163,78,58,70,79,Reading,2-4 hrs,Night,<3 LPA,No,100%,>5 hrs,<30 min,High,Good,Yes
Yes,Male,Mechanical,179,75,77,53,72,Travelling,<1 hr,Night,5-8 LPA,Yes,75%,>5 hrs,<30 min,Medium,Good,No
No,Female,CS,158,80,72,86,61,Gaming,<1 hr,Night,3-5 LPA,Yes,25%,1-3 hrs,30-60 min,High,Middle,No
Yes,Female,IT,165,82,64,76,75,Travelling,<1 hr,Night,<3 LPA,No,75%,1-3 hrs,30-60 min,Medium,Middle,No
Yes,Female,CS,188,59,76,86,72,Reading,1-2 hrs,Evening,<3 LPA,Yes,75%,<1 hr,<30 min,High,Middle,No
Yes,Male,CS,179,50,85,89,76,Sports,1-2 hrs,Morning,<3 LPA,Yes,25%,<1 hr,1-2 hrs,Medium,Middle,No
Yes,Male,CS,159,48,63,50,61,Sports,<1 hr,Morning,3-5 LPA,Yes,50%,1-3 hrs,30-60 min,Medium,Poor,No
No,Male,Mechanical,171,55,81,74,71,Gaming,1-2 hrs,Evening,<3 LPA,Yes,25%,<1 hr,>2 hrs,Medium,Middle,No
Yes,Female,ENTC,165,68,88,50,61,Reading,2-4 hrs,Morning,5-8 LPA,No,25%,3-5 hrs,<30 min,High,Middle,Yes
Yes,Female,CS,183,70,78,69,74,Travelling,<1 hr,Night,5-8 LPA,Yes,75%,1-3 hrs,30-60 min,High,Middle,Yes
Yes,Male,Civil,179,88,93,81,65,Music,1-2 hrs,Morning,5-8 LPA,Yes,50%,3-5 hrs,<30 min,Medium,Poor,No
Yes,Male,CS,176,83,84,69,85,Music,1-2 hrs,Night,3-5 LPA,No,75%,<1 hr,<30 min,Medium,Good,No
No,Male,CS,175,46,75,58,85,Gaming,2-4 hrs,Morning,3-5 LPA,Yes,100%,<1 hr,>2 hrs,High,Middle,Yes
No,Female,Civil,173,55,80,78,67,Travelling,1-2 hrs,Night,5-8 LPA,No,100%,<1 hr,1-2 hrs,Medium,Middle,No
Yes,Female,IT,159,83,86,61,61,Music,1-2 hrs,Evening,3-5 LPA,Yes,100%,<1 hr,1-2 hrs,High,Poor,No
No,Female,CS,168,72,61,88,88,Travelling,<1 hr,Morning,<3 LPA,Yes,50%,<1 hr,1-2 hrs,Medium,Middle,Yes
Yes,Male,CS,155,86,75,58,68,Sports,1-2 hrs,Night,3-5 LPA,Yes,25%,1-3 hrs,<30 min,Medium,Poor,No
No,Male,CS,187,59,76,85,61,Music,1-2 hrs,Night,3-5 LPA,Yes,100%,1-3 hrs,>2 hrs,Low,Good,No
No,Male,IT,157,60,85,84,72,Reading,1-2 hrs,Evening,3-5 LPA,No,50%,3-5 hrs,1-2 hrs,Low,Middle,Yes
No,Male,CS,185,72,85,90,88,Reading,<1 hr,Night,<3 LPA,Yes,100%,1-3 hrs,1-2 hrs,Medium,Middle,No
Yes,Male,CS,188,52,77,79,87,Travelling,<1 hr,Evening,3-5 LPA,Yes,100%,<1 hr,1-2 hrs,Medium,Good,Yes
Yes,Male,Mechanical,157,88,86,68,89,Travelling,2-4 hrs,Morning,>8 LPA,No,100%,1-3 hrs,<30 min,Medium,Middle,Yes
No,Male,CS,182,53,82,77,73,Reading,2-4 hrs,Morning,<3 LPA,Yes,50%,1-3 hrs,1-2 hrs,Medium,Good,No
Yes,Male,IT,152,87,74,71,61,Gaming,<1 hr,Night,5-8 LPA,Yes,25%,1-3 hrs,1-2 hrs,High,Middle,No
Yes,Female,CS,168,79,65,54,64,Sports,<1 hr,Morning,>8 LPA,Yes,50%,1-3 hrs,>2 hrs,Medium,Good,Yes
No,Male,ENTC,165,85,61,90,88,Music,2-4 hrs,Morning,<3 LPA,Yes,50%,1-3 hrs,1-2 hrs,Medium,Middle,No
Yes,Male,ENTC,164,62,71,50,86,Sports,2-4 hrs,Morning,<3 LPA,Yes,75%,<1 hr,1-2 hrs,Medium,Poor,No
No,Female,Mechanical,182,51,57,61,61,Music,2-4 hrs,Morning,3-5 LPA,Yes,50%,3-5 hrs,1-2 hrs,High,Good,Yes
Yes,Male,CS,150,88,86,73,88,Travelling,2-4 hrs,Morning,>8 LPA,Yes,75%,1-3 hrs,>2 hrs,Medium,Middle,Yes
No,Male,CS,164,56,81,92,78,Gaming,1-2 hrs,Morning,<3 LPA,Yes,50%,1-3 hrs,<30 min,Low,Middle,Yes
Yes,Male,Mechanical,179,49,93,93,62,Gaming,<1 hr,Evening,3-5 LPA,No,75%,1-3 hrs,<30 min,High,Poor,No
Yes,Male,CS,167,74,85,59,74,Music,1-2 hrs,Evening,3-5 LPA,Yes,25%,1-3 hrs,30-60 min,Medium,Middle,Yes
Yes,Male,Mechanical,154,49,87,88,64,Travelling,2-4 hrs,Night,3-5 LPA,Yes,50%,1-3 hrs,1-2 hrs,Low,Poor,Yes
Yes,Male,ENTC,176,66,61,51,88,Travelling,2-4 hrs,Evening,3-5 LPA,Yes,75%,3-5 hrs,1-2 hrs,Medium,Middle,Yes
No,Male,ENTC,187,64,90,89,80,Travelling,1-2 hrs,Morning,5-8 LPA,Yes,100%,3-5 hrs,1-2 hrs,Medium,Good,Yes
No,Female,CS,175,45,64,86,76,Music,2-4 hrs,Evening,<3 LPA,Yes,75%,1-3 hrs,<30 min,Low,Good,No
Yes,Male,Civil,185,88,76,66,61,Travelling,1-2 hrs,Morning,3-5 LPA,Yes,75%,<1 hr,30-60 min,High,Good,No
Yes,Male,IT,169,82,68,82,87,Gaming,2-4 hrs,Morning,3-5 LPA,Yes,50%,1-3 hrs,1-2 hrs,Medium,Poor,Yes
Yes,Female,CS,156,84,72,70,81,Music,1-2 hrs,Night,3-5 LPA,No,75%,3-5 hrs,>2 hrs,Medium,Good,Yes
No,Female,Mechanical,173,63,77,84,84,Music,2-4 hrs,Morning,3-5 LPA,Yes,75%,<1 hr,30-60 min,Low,Middle,No
Yes,Male,Civil,169,46,83,93,80,Reading,1-2 hrs,Evening,5-8 LPA,Yes,50%,<1 hr,30-60 min,Low,Poor,No
No,Male,Mechanical,183,54,70,55,73,Gaming,2-4 hrs,Night,3-5 LPA,No,25%,1-3 hrs,30-60 min,Low,Poor,Yes
Yes,Male,Civil,157,75,75,87,88,Gaming,2-4 hrs,Morning,3-5 LPA,Yes,75%,<1 hr,<30 min,High,Middle,No
No,Female,CS,166,83,67,75,63,Gaming,2-4 hrs,Evening,<3 LPA,Yes,100%,1-3 hrs,<30 min,Low,Good,No
Yes,Male,CS,154,86,70,83,64,Gaming,>4 hrs,Night,5-8 LPA,Yes,100%,3-5 hrs,30-60 min,Medium,Good,No
No,Male,Mechanical,178,59,82,87,71,Travelling,>4 hrs,Night,3-5 LPA,Yes,75%,<1 hr,<30 min,Medium,Middle,No
No,Male,Civil,159,50,90,58,64,Reading,1-2 hrs,Evening,5-8 LPA,Yes,75%,<1 hr,30-60 min,High,Good,No
No,Female,CS,184,52,86,69,79,Gaming,2-4 hrs,Evening,5-8 LPA,Yes,25%,1-3 hrs,>2 hrs,Medium,Good,No
Yes,Female,CS,153,54,94,55,67,Music,2-4 hrs,Evening,3-5 LPA,Yes,25%,3-5 hrs,<30 min,High,Good,No
Yes,Male,CS,185,67,86,73,80,Reading,<1 hr,Evening,3-5 LPA,Yes,50%,<1 hr,>2 hrs,Medium,Good,No
Yes,Male,IT,178,79,69,82,85,Reading,1-2 hrs,Evening,<3 LPA,Yes,75%,1-3 hrs,30-60 min,Low,Middle,No
Yes,Female,Mechanical,159,54,69,53,64,Music,>4 hrs,Night,<3 LPA,No,100%,1-3 hrs,30-60 min,Medium,Good,Yes
Yes,Male,IT,155,65,86,59,87,Reading,>4 hrs,Evening,<3 LPA,Yes,75%,1-3 hrs,30-60 min,High,Middle,No
No,Male,IT,185,49,91,52,84,Music,2-4 hrs,Evening,3-5 LPA,Yes,50%,1-3 hrs,1-2 hrs,High,Good,No
Yes,Male,Mechanical,157,79,63,79,73,Gaming,2-4 hrs,Morning,<3 LPA,Yes,50%,3-5 hrs,30-60 min,High,Middle,No
Yes,Male,IT,150,48,73,90,64,Sports,2-4 hrs,Evening,3-5 LPA,Yes,75%,1-3 hrs,1-2 hrs,Low,Good,Yes
Yes,Female,CS,159,64,86,63,88,Travelling,<1 hr,Morning,<3 LPA,No,75%,<1 hr,<30 min,Low,Middle,Yes
No,Female,CS,153,50,68,94,60,Gaming,<1 hr,Night,5-8 LPA,Yes,100%,3-5 hrs,<30 min,High,Good,Yes
Yes,Male,IT,177,70,89,51,76,Reading,2-4 hrs,Morning,<3 LPA,Yes,75%,3-5 hrs,<30 min,Medium,Middle,Yes
Yes,Male,CS,164,57,60,56,78,Travelling,1-2 hrs,Evening,5-8 LPA,Yes,75%,3-5 hrs,>2 hrs,High,Good,No
No,Female,IT,152,76,84,66,78,Gaming,2-4 hrs,Night,3-5 LPA,Yes,25%,<1 hr,30-60 min,Medium,Poor,No
Yes,Male,IT,163,46,86,53,68,Sports,1-2 hrs,Evening,5-8 LPA,Yes,25%,1-3 hrs,30-60 min,Medium,Middle,No
Yes,Female,ENTC,170,52,70,55,81,Gaming,>4 hrs,Morning,3-5 LPA,Yes,25%,3-5 hrs,<30 min,Low,Middle,No
No,Male,CS,181,66,62,59,61,Music,1-2 hrs,Morning,5-8 LPA,No,75%,1-3 hrs,30-60 min,Medium,Middle,No
Yes,Male,CS,178,70,70,75,89,Sports,2-4 hrs,Evening,3-5 LPA,Yes,75%,1-3 hrs,>2 hrs,Medium,Middle,Yes
Yes,Male,ENTC,170,58,74,70,81,Reading,1-2 hrs,Morning,<3 LPA,No,50%,1-3 hrs,30-60 min,High,Poor,No
Yes,Female,Mechanical,183,85,70,62,75,Sports,2-4 hrs,Morning,3-5 LPA,Yes,75%,1-3 hrs,<30 min,High,Middle,No
No,Male,ENTC,170,78,89,59,62,Music,2-4 hrs,Morning,3-5 LPA,Yes,75%,3-5 hrs,30-60 min,Medium,Poor,No
Yes,Female,CS,170,65,56,52,64,Gaming,<1 hr,Morning,<3 LPA,Yes,50%,1-3 hrs,<30 min,High,Middle,Yes
Yes,Male,IT,186,81,87,73,68,Music,2-4 hrs,Morning,5-8 LPA,Yes,75%,<1 hr,<30 min,Low,Poor,Yes
Yes,Female,Civil,153,85,66,75,87,Music,1-2 hrs,Morning,<3 LPA,Yes,75%,<1 hr,<30 min,High,Middle,Yes
Yes,Male,IT,177,88,92,76,73,Reading,<1 hr,Evening,5-8 LPA,Yes,75%,1-3 hrs,<30 min,Medium,Good,Yes
Yes,Male,IT,165,64,78,78,89,Gaming,1-2 hrs,Morning,3-5 LPA,No,50%,1-3 hrs,30-60 min,Medium,Middle,Yes
No,Female,Mechanical,154,88,77,69,63,Sports,2-4 hrs,Morning,<3 LPA,No,75%,1-3 hrs,30-60 min,Low,Good,No
Yes,Male,CS,151,49,62,59,88,Music,2-4 hrs,Morning,3-5 LPA,Yes,50%,3-5 hrs,1-2 hrs,Medium,Middle,No
No,Female,CS,167,74,87,64,76,Sports,2-4 hrs,Morning,5-8 LPA,Yes,50%,<1 hr,<30 min,Low,Middle,Yes
No,Female,CS,175,85,87,78,71,Travelling,2-4 hrs,Evening,<3 LPA,Yes,75%,3-5 hrs,>2 hrs,High,Middle,No
Yes,Male,IT,181,52,71,77,73,Gaming,1-2 hrs,Evening,3-5 LPA,Yes,25%,1-3 hrs,>2 hrs,Medium,Middle,No
No,Female,CS,180,63,72,91,61,Sports,1-2 hrs,Evening,3-5 LPA,No,50%,1-3 hrs,>2 hrs,Medium,Good,No
Yes,Male,ENTC,182,75,65,57,85,Music,>4 hrs,Morning,5-8 LPA,Yes,25%,3-5 hrs,>2 hrs,Medium,Good,No
Yes,Female,Mechanical,181,50,93,60,79,Gaming,2-4 hrs,Evening,<3 LPA,Yes,50%,<1 hr,1-2 hrs,Medium,Middle,No
Yes,Male,Civil,150,46,91,82,80,Music,1-2 hrs,Morning,5-8 LPA,Yes,25%,3-5 hrs,<30 min,High,Middle,No
Yes,Male,CS,189,67,57,79,87,Gaming,1-2 hrs,Morning,>8 LPA,Yes,75%,1-3 hrs,30-60 min,Medium,Middle,No
Yes,Female,IT,179,57,63,86,61,Reading,1-2 hrs,Morning,<3 LPA,Yes,50%,1-3 hrs,30-60 min,Medium,Middle,No
Yes,Female,CS,161,61,70,69,78,Reading,2-4 hrs,Morning,>8 LPA,Yes,75%,>5 hrs,1-2 hrs,Medium,Good,Yes
Yes,Male,CS,188,53,81,86,76,Gaming,>4 hrs,Evening,5-8 LPA,Yes,75%,3-5 hrs,<30 min,High,Good,No
Yes,Male,CS,166,75,91,73,85,Gaming,<1 hr,Morning,5-8 LPA,No,50%,>5 hrs,<30 min,Medium,Middle,No
No,Female,Civil,157,52,94,68,89,Music,2-4 hrs,Morning,3-5 LPA,Yes,25%,1-3 hrs,<30 min,High,Middle,Yes
Yes,Female,CS,172,54,82,52,65,Music,2-4 hrs,Morning,<3 LPA,Yes,75%,1-3 hrs,<30 min,High,Good,No
Yes,Female,ENTC,165,52,73,69,75,Gaming,1-2 hrs,Morning,5-8 LPA,No,75%,3-5 hrs,1-2 hrs,Low,Middle,Yes
Yes,Male,IT,185,82,63,89,85,Reading,<1 hr,Morning,<3 LPA,Yes,50%,3-5 hrs,>2 hrs,Low,Middle,No
No,Male,Mechanical,172,49,55,65,63,Music,2-4 hrs,Morning,<3 LPA,Yes,25%,<1 hr,>2 hrs,Medium,Middle,No
Yes,Male,CS,186,62,57,93,75,Travelling,>4 hrs,Morning,5-8 LPA,Yes,100%,1-3 hrs,<30 min,Medium,Middle,Yes
No,Male,CS,168,58,90,60,80,Sports,<1 hr,Evening,<3 LPA,No,75%,3-5 hrs,<30 min,High,Good,No
Yes,Female,CS,163,73,67,81,64,Music,1-2 hrs,Evening,3-5 LPA,Yes,75%,3-5 hrs,<30 min,Medium,Good,No
No,Male,Mechanical,189,83,78,90,80,Gaming,1-2 hrs,Night,<3 LPA,Yes,50%,>5 hrs,>2 hrs,Medium,Middle,No
Yes,Female,CS,156,51,67,77,82,Gaming,1-2 hrs,Evening,3-5 LPA,Yes,50%,<1 hr,>2 hrs,Medium,Poor,No
Yes,Male,CS,154,68,92,68,81,Music,1-2 hrs,Night,5-8 LPA,Yes,25%,3-5 hrs,1-2 hrs,Medium,Middle,Yes
No,Male,CS,154,50,78,67,74,Travelling,>4 hrs,Morning,3-5 LPA,Yes,100%,<1 hr,30-60 min,Medium,Middle,No
Yes,Male,ENTC,186,67,82,74,75,Travelling,<1 hr,Night,3-5 LPA,Yes,25%,<1 hr,1-2 hrs,Medium,Middle,No
No,Male,CS,157,49,63,71,67,Gaming,<1 hr,Night,<3 LPA,Yes,75%,>5 hrs,1-2 hrs,High,Poor,No
Yes,Female,CS,160,75,67,53,81,Music,>4 hrs,Evening,>8 LPA,Yes,75%,>5 hrs,<30 min,Medium,Poor,No
Yes,Male,Civil,158,86,60,54,80,Gaming,1-2 hrs,Night,<3 LPA,No,50%,<1 hr,30-60 min,High,Good,Yes
No,Female,ENTC,188,57,66,61,61,Sports,1-2 hrs,Morning,5-8 LPA,Yes,75%,3-5 hrs,30-60 min,Low,Middle,Yes
Yes,Female,CS,175,61,81,77,66,Music,2-4 hrs,Evening,3-5 LPA,Yes,75%,1-3 hrs,30-60 min,Medium,Middle,No
No,Female,CS,188,78,62,53,63,Gaming,1-2 hrs,Evening,3-5 LPA,Yes,50%,1-3 hrs,<30 min,Medium,Middle,No
No,Male,Mechanical,171,62,58,61,85,Reading,<1 hr,Evening,5-8 LPA,No,75%,>5 hrs,<30 min,Low,Poor,Yes
Yes,Male,CS,173,72,71,78,89,Travelling,>4 hrs,Evening,3-5 LPA,Yes,25%,1-3 hrs,1-2 hrs,Low,Poor,Yes
No,Male,CS,172,54,69,93,66,Music,2-4 hrs,Night,3-5 LPA,Yes,25%,<1 hr,30-60 min,Medium,Good,Yes
Yes,Female,ENTC,172,61,86,50,76,Sports,<1 hr,Morning,<3 LPA,Yes,25%,1-3 hrs,1-2 hrs,High,Middle,Yes
No,Male,CS,159,46,55,77,88,Travelling,1-2 hrs,Night,3-5 LPA,Yes,50%,1-3 hrs,<30 min,Medium,Middle,No
Yes,Male,Mechanical,178,87,76,94,67,Sports,<1 hr,Morning,3-5 LPA,Yes,50%,<1 hr,>2 hrs,High,Middle,Yes
Yes,Female,IT,179,83,89,67,77,Gaming,2-4 hrs,Evening,>8 LPA,Yes,50%,1-3 hrs,<30 min,Medium,Middle,No
No,Male,CS,172,55,84,68,88,Gaming,<1 hr,Evening,<3 LPA,Yes,75%,>5 hrs,30-60 min,Medium,Poor,No
No,Male,IT,175,73,67,70,77,Gaming,<1 hr,Morning,<3 LPA,Yes,100%,1-3 hrs,<30 min,Low,Middle,Yes
No,Male,IT,155,51,83,89,72,Music,1-2 hrs,Night,3-5 LPA,Yes,25%,<1 hr,<30 min,High,Good,No
No,Male,CS,154,52,93,56,82,Music,>4 hrs,Morning,<3 LPA,Yes,50%,1-3 hrs,30-60 min,Medium,Poor,No
Yes,Male,ENTC,179,53,74,60,87,Gaming,1-2 hrs,Evening,<3 LPA,Yes,25%,3-5 hrs,<30 min,Medium,Middle,Yes
No,Female,ENTC,182,88,81,56,85,Gaming,>4 hrs,Morning,5-8 LPA,Yes,75%,1-3 hrs,30-60 min,High,Good,No
No,Male,Mechanical,155,70,81,59,63,Sports,2-4 hrs,Morning,3-5 LPA,Yes,75%,>5 hrs,30-60 min,High,Good,No
Yes,Male,CS,170,60,87,71,72,Travelling,<1 hr,Morning,3-5 LPA,Yes,100%,>5 hrs,<30 min,Low,Poor,Yes
Yes,Female,CS,170,54,74,59,85,Sports,1-2 hrs,Morning,<3 LPA,Yes,75%,1-3 hrs,30-60 min,Medium,Middle,Yes
Yes,Male,ENTC,152,68,74,84,81,Travelling,<1 hr,Night,<3 LPA,No,100%,3-5 hrs,1-2 hrs,High,Good,No
Yes,Female,IT,186,59,72,74,84,Sports,1-2 hrs,Evening,<3 LPA,Yes,100%,1-3 hrs,1-2 hrs,High,Middle,Yes
Yes,Male,IT,182,48,81,62,73,Travelling,1-2 hrs,Night,3-5 LPA,Yes,75%,<1 hr,<30 min,Low,Good,Yes
Yes,Female,Mechanical,171,82,79,58,84,Gaming,1-2 hrs,Morning,5-8 LPA,Yes,75%,3-5 hrs,<30 min,Low,Middle,Yes
Yes,Male,Civil,186,47,76,66,75,Sports,1-2 hrs,Morning,<3 LPA,Yes,75%,1-3 hrs,<30 min,Medium,Middle,Yes
No,Male,CS,166,53,76,65,64,Gaming,1-2 hrs,Evening,3-5 LPA,Yes,25%,3-5 hrs,1-2 hrs,Medium,Middle,No
No,Male,CS,173,87,64,66,61,Reading,<1 hr,Evening,3-5 LPA,No,75%,<1 hr,<30 min,Medium,Poor,No
Yes,Female,ENTC,157,60,55,80,82,Sports,2-4 hrs,Evening,3-5 LPA,Yes,75%,1-3 hrs,<30 min,Medium,Poor,No
Yes,Male,Mechanical,153,51,76,61,85,Music,>4 hrs,Evening,>8 LPA,Yes,75%,<1 hr,1-2 hrs,Medium,Middle,No
Yes,Male,ENTC,189,83,81,73,79,Gaming,<1 hr,Morning,3-5 LPA,Yes,75%,>5 hrs,<30 min,Medium,Good,No
No,Female,Mechanical,154,56,67,83,85,Reading,2-4 hrs,Morning,3-5 LPA,No,50%,<1 hr,<30 min,Medium,Middle,No
Yes,Female,CS,157,88,75,63,62,Reading,2-4 hrs,Night,3-5 LPA,Yes,50%,>5 hrs,1-2 hrs,Low,Poor,Yes
Yes,Female,IT,177,76,87,77,79,Gaming,1-2 hrs,Evening,5-8 LPA,No,75%,3-5 hrs,1-2 hrs,Low,Middle,No
Yes,Female,CS,165,80,76,61,61,Gaming,1-2 hrs,Evening,<3 LPA,Yes,50%,1-3 hrs,1-2 hrs,Medium,Poor,Yes
Yes,Female,IT,153,76,92,82,78,Sports,1-2 hrs,Night,>8 LPA,No,25%,1-3 hrs,30-60 min,High,Poor,Yes
No,Male,CS,161,60,81,71,82,Sports,>4 hrs,Evening,<3 LPA,Yes,75%,<1 hr,<30 min,High,Good,No
Yes,Female,IT,177,45,85,77,73,Travelling,<1 hr,Evening,>8 LPA,No,75%,1-3 hrs,1-2 hrs,Low,Middle,Yes
Yes,Male,IT,172,81,94,51,63,Reading,2-4 hrs,Morning,3-5 LPA,No,50%,>5 hrs,30-60 min,Low,Middle,No
Yes,Female,IT,155,48,59,54,70,Music,1-2 hrs,Evening,<3 LPA,Yes,75%,3-5 hrs,1-2 hrs,Low,Poor,Yes
No,Male,IT,185,51,73,59,69,Gaming,1-2 hrs,Evening,5-8 LPA,Yes,50%,1-3 hrs,<30 min,High,Good,No
No,Male,CS,188,85,60,78,66,Music,<1 hr,Night,<3 LPA,No,25%,1-3 hrs,1-2 hrs,High,Good,No
Yes,Male,ENTC,150,61,66,67,69,Music,1-2 hrs,Morning,<3 LPA,Yes,75%,1-3 hrs,>2 hrs,Low,Poor,Yes
Yes,Male,Civil,156,77,59,57,77,Music,2-4 hrs,Night,3-5 LPA,Yes,50%,>5 hrs,<30 min,High,Middle,No
No,Male,ENTC,169,51,91,77,79,Travelling,2-4 hrs,Evening,<3 LPA,No,75%,1-3 hrs,1-2 hrs,Low,Good,Yes
No,Female,Mechanical,154,62,57,72,85,Gaming,1-2 hrs,Night,3-5 LPA,Yes,75%,>5 hrs,>2 hrs,Low,Good,No
No,Female,Mechanical,182,68,79,73,68,Music,1-2 hrs,Evening,3-5 LPA,Yes,75%,1-3 hrs,30-60 min,Low,Poor,No
No,Female,CS,177,83,77,64,85,Music,1-2 hrs,Morning,3-5 LPA,No,75%,1-3 hrs,30-60 min,Medium,Middle,Yes
Yes,Male,CS,160,56,89,88,67,Travelling,1-2 hrs,Morning,3-5 LPA,No,75%,<1 hr,30-60 min,High,Middle,Yes
No,Male,IT,163,59,69,57,85,Gaming,1-2 hrs,Night,>8 LPA,Yes,50%,>5 hrs,<30 min,Medium,Middle,No
Yes,Male,IT,160,58,85,54,70,Travelling,2-4 hrs,Night,<3 LPA,Yes,50%,<1 hr,<30 min,Medium,Poor,Yes
Yes,Male,Mechanical,178,72,91,85,62,Gaming,>4 hrs,Night,5-8 LPA,No,100%,3-5 hrs,<30 min,High,Middle,Yes
Yes,Male,Civil,187,47,62,77,72,Sports,<1 hr,Morning,<3 LPA,No,100%,1-3 hrs,>2 hrs,Medium,Middle,No
Yes,Male,ENTC,171,77,80,59,87,Travelling,1-2 hrs,Morning,3-5 LPA,No,100%,3-5 hrs,<30 min,Medium,Poor,Yes
Yes,Female,CS,185,53,68,59,68,Sports,<1 hr,Night,3-5 LPA,Yes,100%,3-5 hrs,>2 hrs,High,Middle,Yes
Yes,Female,CS,187,64,84,54,79,Sports,2-4 hrs,Morning,5-8 LPA,No,50%,<1 hr,>2 hrs,Low,Poor,No
Yes,Female,IT,176,45,80,92,77,Sports,2-4 hrs,Morning,>8 LPA,Yes,75%,<1 hr,<30 min,High,Poor,No
Yes,Female,Mechanical,166,50,79,74,83,Gaming,1-2 hrs,Night,<3 LPA,Yes,50%,1-3 hrs,<30 min,Medium,Poor,No
No,Male,ENTC,172,63,69,92,84,Gaming,2-4 hrs,Evening,<3 LPA,Yes,75%,3-5 hrs,1-2 hrs,High,Middle,Yes
Yes,Male,IT,177,54,78,93,78,Music,1-2 hrs,Morning,3-5 LPA,Yes,75%,3-5 hrs,<30 min,Medium,Good,No
No,Female,CS,170,76,87,54,88,Reading,1-2 hrs,Night,>8 LPA,No,25%,<1 hr,1-2 hrs,High,Poor,No
Yes,Male,CS,182,49,79,78,81,Sports,2-4 hrs,Evening,5-8 LPA,Yes,50%,1-3 hrs,30-60 min,High,Middle,No
No,Male,Civil,180,76,93,74,88,Reading,2-4 hrs,Morning,3-5 LPA,Yes,25%,<1 hr,>2 hrs,Medium,Middle,No
Yes,Female,CS,156,55,62,67,78,Travelling,>4 hrs,Night,3-5 LPA,No,25%,>5 hrs,1-2 hrs,High,Poor,No
Yes,Male,IT,163,70,72,82,84,Reading,2-4 hrs,Night,5-8 LPA,No,75%,1-3 hrs,>2 hrs,Medium,Middle,No
No,Male,CS,159,73,91,79,81,Travelling,>4 hrs,Evening,5-8 LPA,Yes,100%,1-3 hrs,1-2 hrs,Low,Middle,No
No,Female,ENTC,152,68,80,71,89,Travelling,2-4 hrs,Morning,5-8 LPA,Yes,75%,1-3 hrs,30-60 min,Medium,Middle,Yes
Yes,Female,Mechanical,175,46,84,77,82,Sports,1-2 hrs,Morning,<3 LPA,No,75%,3-5 hrs,1-2 hrs,Medium,Poor,Yes
No,Female,Mechanical,176,65,74,68,89,Sports,1-2 hrs,Evening,<3 LPA,No,50%,1-3 hrs,30-60 min,Medium,Middle,No
Yes,Male,CS,177,83,72,79,79,Music,2-4 hrs,Morning,3-5 LPA,No,25%,1-3 hrs,30-60 min,High,Middle,No
Yes,Female,CS,163,75,79,55,87,Gaming,2-4 hrs,Morning,3-5 LPA,Yes,100%,<1 hr,30-60 min,Medium,Poor,No
Yes,Female,ENTC,158,78,88,59,60,Gaming,1-2 hrs,Morning,3-5 LPA,No,100%,>5 hrs,30-60 min,Medium,Good,Yes
Yes,Male,CS,184,59,55,50,75,Gaming,>4 hrs,Night,<3 LPA,Yes,100%,1-3 hrs,<30 min,Low,Good,No
Yes,Female,IT,168,79,85,58,79,Reading,>4 hrs,Morning,3-5 LPA,No,100%,3-5 hrs,<30 min,Low,Middle,No
Yes,Male,CS,182,77,60,70,61,Gaming,1-2 hrs,Night,5-8 LPA,Yes,75%,1-3 hrs,30-60 min,Low,Poor,No
Yes,Male,CS,172,63,63,71,88,Travelling,2-4 hrs,Evening,<3 LPA,Yes,50%,3-5 hrs,>2 hrs,High,Poor,Yes
Yes,Male,CS,168,77,61,75,79,Music,1-2 hrs,Morning,3-5 LPA,No,75%,1-3 hrs,30-60 min,Medium,Middle,Yes
Yes,Female,ENTC,161,68,78,54,80,Music,2-4 hrs,Morning,3-5 LPA,Yes,50%,<1 hr,30-60 min,Low,Middle,Yes
Yes,Male,ENTC,186,74,62,75,65,Sports,1-2 hrs,Night,<3 LPA,Yes,75%,>5 hrs,<30 min,High,Good,No
No,Female,ENTC,184,84,67,57,65,Gaming,1-2 hrs,Morning,>8 LPA,Yes,75%,>5 hrs,30-60 min,Low,Good,No
Yes,Male,ENTC,152,68,84,82,74,Gaming,1-2 hrs,Night,>8 LPA,No,75%,1-3 hrs,<30 min,High,Good,Yes
No,Male,ENTC,155,57,60,64,89,Sports,>4 hrs,Evening,5-8 LPA,Yes,75%,<1 hr,<30 min,Low,Middle,No
Yes,Female,Civil,180,47,78,89,88,Sports,1-2 hrs,Evening,<3 LPA,No,25%,1-3 hrs,<30 min,High,Middle,Yes
Yes,Male,CS,179,61,70,67,64,Gaming,1-2 hrs,Morning,5-8 LPA,Yes,75%,<1 hr,30-60 min,Low,Poor,No
Yes,Female,IT,179,76,94,79,86,Gaming,1-2 hrs,Morning,5-8 LPA,Yes,100%,1-3 hrs,<30 min,Medium,Middle,No
Yes,Female,CS,182,79,65,53,76,Gaming,1-2 hrs,Morning,3-5 LPA,Yes,100%,1-3 hrs,<30 min,Low,Good,No
No,Male,ENTC,151,58,71,64,83,Gaming,<1 hr,Morning,3-5 LPA,No,50%,3-5 hrs,30-60 min,High,Good,No
Yes,Male,ENTC,182,48,94,83,85,Reading,1-2 hrs,Morning,<3 LPA,Yes,50%,3-5 hrs,30-60 min,Medium,Good,Yes
No,Male,CS,180,52,72,57,65,Sports,1-2 hrs,Morning,3-5 LPA,Yes,100%,<1 hr,1-2 hrs,Low,Middle,No
No,Male,IT,153,64,57,52,74,Gaming,2-4 hrs,Morning,3-5 LPA,Yes,100%,<1 hr,<30 min,Medium,Poor,No
No,Male,IT,154,72,79,91,66,Sports,2-4 hrs,Morning,3-5 LPA,Yes,50%,<1 hr,>2 hrs,High,Good,No
Yes,Female,ENTC,150,72,77,77,62,Gaming,1-2 hrs,Morning,<3 LPA,Yes,75%,>5 hrs,<30 min,High,Middle,No
No,Female,CS,179,66,75,71,68,Music,<1 hr,Night,>8 LPA,No,75%,3-5 hrs,<30 min,Medium,Middle,Yes
Yes,Male,CS,173,59,56,50,67,Reading,1-2 hrs,Evening,5-8 LPA,Yes,100%,1-3 hrs,<30 min,Medium,Poor,No
Yes,Female,ENTC,156,84,94,52,63,Gaming,1-2 hrs,Morning,<3 LPA,Yes,50%,>5 hrs,>2 hrs,Low,Middle,No
No,Male,CS,173,84,59,71,66,Sports,1-2 hrs,Night,3-5 LPA,Yes,50%,3-5 hrs,1-2 hrs,Medium,Middle,No
Yes,Male,IT,161,72,91,60,88,Music,<1 hr,Night,5-8 LPA,Yes,75%,1-3 hrs,<30 min,Medium,Good,No
Yes,Male,CS,179,84,70,52,60,Sports,<1 hr,Night,3-5 LPA,No,100%,1-3 hrs,<30 min,Medium,Good,No
No,Male,Civil,161,89,81,67,75,Travelling,<1 hr,Night,<3 LPA,Yes,75%,1-3 hrs,30-60 min,High,Middle,No
Yes,Male,CS,189,85,55,50,77,Sports,>4 hrs,Morning,5-8 LPA,Yes,25%,<1 hr,30-60 min,Low,Good,Yes
Yes,Female,Civil,154,85,82,84,74,Music,1-2 hrs,Morning,3-5 LPA,Yes,75%,<1 hr,<30 min,Medium,Good,No
No,Female,IT,157,58,73,74,86,Gaming,>4 hrs,Morning,3-5 LPA,No,25%,3-5 hrs,1-2 hrs,Medium,Middle,Yes
Yes,Male,CS,151,67,70,68,82,Sports,1-2 hrs,Morning,3-5 LPA,Yes,100%,1-3 hrs,30-60 min,Medium,Middle,No
Yes,Male,CS,171,54,93,77,65,Gaming,1-2 hrs,Evening,3-5 LPA,Yes,25%,>5 hrs,1-2 hrs,Medium,Middle,No
No,Female,Mechanical,189,88,67,63,85,Music,1-2 hrs,Morning,3-5 LPA,Yes,50%,3-5 hrs,30-60 min,Low,Poor,Yes
Yes,Male,CS,172,60,81,53,80,Sports,1-2 hrs,Evening,3-5 LPA,Yes,100%,1-3 hrs,<30 min,Medium,Middle,Yes
No,Male,ENTC,151,65,78,90,86,Gaming,2-4 hrs,Evening,3-5 LPA,Yes,75%,3-5 hrs,30-60 min,High,Good,Yes
No,Male,Civil,181,82,66,51,89,Gaming,2-4 hrs,Evening,5-8 LPA,Yes,75%,3-5 hrs,30-60 min,Medium,Good,No
No,Male,IT,158,70,70,86,76,Music,1-2 hrs,Morning,5-8 LPA,Yes,75%,1-3 hrs,30-60 min,Low,Good,Yes
No,Female,CS,168,66,72,85,64,Gaming,2-4 hrs,Night,<3 LPA,Yes,50%,1-3 hrs,1-2 hrs,Medium,Poor,No
No,Male,ENTC,154,82,87,63,79,Gaming,1-2 hrs,Night,>8 LPA,Yes,75%,1-3 hrs,<30 min,High,Poor,No
Yes,Male,CS,188,68,57,73,79,Travelling,>4 hrs,Night,>8 LPA,Yes,50%,1-3 hrs,1-2 hrs,Medium,Middle,No
No,Male,ENTC,181,61,70,71,85,Reading,2-4 hrs,Morning,>8 LPA,Yes,100%,1-3 hrs,<30 min,Medium,Poor,Yes
Yes,Male,CS,174,51,85,59,71,Gaming,2-4 hrs,Evening,>8 LPA,Yes,75%,3-5 hrs,30-60 min,Medium,Good,No
Yes,Male,IT,180,59,88,88,63,Travelling,<1 hr,Morning,3-5 LPA,Yes,75%,<1 hr,<30 min,High,Middle,No
Yes,Female,Mechanical,174,47,90,81,70,Reading,1-2 hrs,Morning,3-5 LPA,Yes,75%,<1 hr,<30 min,High,Poor,No
No,Male,CS,189,70,81,54,88,Music,2-4 hrs,Morning,<3 LPA,Yes,75%,1-3 hrs,1-2 hrs,High,Good,No
Yes,Male,Civil,156,68,76,86,62,Gaming,1-2 hrs,Night,3-5 LPA,Yes,75%,3-5 hrs,30-60 min,Medium,Middle,Yes
Yes,Male,Mechanical,164,53,60,84,87,Travelling,<1 hr,Morning,5-8 LPA,No,25%,<1 hr,<30 min,Low,Middle,Yes
Yes,Male,IT,154,69,76,65,82,Travelling,1-2 hrs,Night,3-5 LPA,Yes,50%,1-3 hrs,1-2 hrs,Low,Good,Yes
Yes,Male,ENTC,178,47,74,89,79,Music,1-2 hrs,Morning,3-5 LPA,No,50%,>5 hrs,<30 min,Medium,Middle,Yes
No,Male,CS,158,66,84,90,61,Gaming,1-2 hrs,Morning,>8 LPA,Yes,75%,<1 hr,<30 min,Medium,Poor,Yes
Yes,Male,ENTC,155,70,61,63,84,Gaming,2-4 hrs,Morning,3-5 LPA,Yes,25%,<1 hr,>2 hrs,Low,Good,No
No,Female,CS,152,73,89,82,78,Travelling,1-2 hrs,Evening,3-5 LPA,Yes,25%,>5 hrs,<30 min,Medium,Poor,No
No,Female,CS,153,75,92,75,78,Travelling,2-4 hrs,Morning,<3 LPA,Yes,75%,<1 hr,<30 min,Medium,Poor,No
Yes,Female,CS,170,53,67,50,81,Travelling,2-4 hrs,Evening,3-5 LPA,Yes,25%,3-5 hrs,30-60 min,Low,Poor,No
Yes,Female,IT,186,56,91,67,72,Reading,2-4 hrs,Morning,<3 LPA,Yes,100%,3-5 hrs,30-60 min,Medium,Good,No
Yes,Female,ENTC,162,88,72,52,64,Sports,>4 hrs,Morning,3-5 LPA,No,75%,1-3 hrs,<30 min,High,Good,Yes
No,Female,IT,163,56,69,86,61,Sports,1-2 hrs,Evening,<3 LPA,No,75%,3-5 hrs,<30 min,High,Good,No
No,Female,Mechanical,189,60,87,89,70,Travelling,>4 hrs,Morning,3-5 LPA,Yes,75%,3-5 hrs,<30 min,Medium,Middle,No
No,Female,CS,174,50,56,90,84,Music,1-2 hrs,Night,>8 LPA,No,100%,1-3 hrs,<30 min,Medium,Middle,No
Yes,Male,IT,155,75,56,73,60,Sports,<1 hr,Night,5-8 LPA,Yes,100%,3-5 hrs,>2 hrs,High,Middle,No
No,Male,IT,186,63,67,54,64,Gaming,2-4 hrs,Morning,3-5 LPA,Yes,50%,>5 hrs,>2 hrs,Medium,Middle,No
Yes,Female,Mechanical,169,82,59,51,78,Sports,<1 hr,Morning,<3 LPA,No,50%,1-3 hrs,30-60 min,Medium,Poor,No
No,Female,Mechanical,155,76,59,66,62,Sports,2-4 hrs,Night,<3 LPA,Yes,50%,1-3 hrs,<30 min,Medium,Middle,No
No,Female,ENTC,168,47,55,73,72,Music,2-4 hrs,Night,3-5 LPA,No,100%,1-3 hrs,1-2 hrs,Low,Middle,No
No,Male,ENTC,186,70,89,61,88,Travelling,2-4 hrs,Morning,<3 LPA,Yes,75%,>5 hrs,<30 min,Medium,Good,Yes
No,Female,CS,188,71,86,78,66,Travelling,<1 hr,Night,3-5 LPA,Yes,100%,<1 hr,30-60 min,Low,Good,No
No,Female,ENTC,158,71,62,53,86,Travelling,2-4 hrs,Evening,5-8 LPA,No,100%,<1 hr,1-2 hrs,Low,Poor,No
No,Female,ENTC,158,69,85,91,84,Travelling,1-2 hrs,Evening,5-8 LPA,No,50%,3-5 hrs,<30 min,High,Poor,Yes
Yes,Female,CS,171,80,61,90,60,Sports,1-2 hrs,Evening,<3 LPA,Yes,50%,>5 hrs,30-60 min,Medium,Middle,No
No,Female,ENTC,158,73,70,57,66,Travelling,2-4 hrs,Night,>8 LPA,Yes,100%,1-3 hrs,1-2 hrs,Medium,Middle,Yes
Yes,Female,ENTC,172,73,80,76,69,Travelling,1-2 hrs,Morning,5-8 LPA,Yes,50%,1-3 hrs,<30 min,High,Good,No
Yes,Female,IT,185,49,64,65,85,Sports,<1 hr,Night,3-5 LPA,Yes,100%,1-3 hrs,1-2 hrs,High,Middle,No
Yes,Male,CS,188,48,55,75,70,Travelling,2-4 hrs,Evening,3-5 LPA,Yes,50%,1-3 hrs,30-60 min,Medium,Poor,No
Yes,Male,IT,165,46,87,79,74,Music,1-2 hrs,Evening,3-5 LPA,No,50%,3-5 hrs,<30 min,High,Good,Yes
No,Male,CS,188,51,67,53,88,Sports,>4 hrs,Morning,3-5 LPA,No,50%,<1 hr,1-2 hrs,Low,Middle,Yes
Yes,Female,Mechanical,152,63,93,52,89,Gaming,<1 hr,Morning,5-8 LPA,Yes,75%,>5 hrs,1-2 hrs,Low,Good,Yes
Yes,Male,ENTC,181,45,72,69,73,Travelling,<1 hr,Evening,3-5 LPA,Yes,25%,1-3 hrs,>2 hrs,High,Middle,Yes
No,Male,IT,162,81,69,67,80,Music,<1 hr,Night,5-8 LPA,Yes,75%,1-3 hrs,30-60 min,Medium,Middle,No
No,Female,CS,151,88,78,93,73,Reading,1-2 hrs,Night,5-8 LPA,Yes,75%,1-3 hrs,1-2 hrs,Medium,Good,No
No,Male,Mechanical,177,48,73,55,62,Music,>4 hrs,Evening,>8 LPA,Yes,50%,3-5 hrs,1-2 hrs,Low,Good,Yes
No,Female,CS,182,74,71,54,68,Sports,2-4 hrs,Night,3-5 LPA,Yes,75%,1-3 hrs,30-60 min,Medium,Good,No
Yes,Male,CS,186,61,78,79,60,Gaming,1-2 hrs,Evening,<3 LPA,Yes,50%,<1 hr,30-60 min,Medium,Poor,No
No,Male,CS,168,77,73,65,78,Gaming,>4 hrs,Evening,3-5 LPA,Yes,75%,>5 hrs,30-60 min,High,Good,No
Yes,Female,Mechanical,180,45,59,94,75,Sports,2-4 hrs,Morning,5-8 LPA,Yes,25%,3-5 hrs,1-2 hrs,High,Middle,No
Yes,Female,Mechanical,174,75,83,52,70,Sports,>4 hrs,Morning,5-8 LPA,Yes,25%,<1 hr,30-60 min,High,Middle,No
No,Male,Mechanical,153,78,83,50,81,Reading,>4 hrs,Evening,<3 LPA,Yes,75%,3-5 hrs,<30 min,Medium,Poor,No
No,Female,ENTC,175,86,86,84,73,Music,<1 hr,Morning,3-5 LPA,No,50%,3-5 hrs,>2 hrs,High,Good,No
Yes,Male,ENTC,151,83,94,68,79,Sports,2-4 hrs,Night,<3 LPA,Yes,25%,3-5 hrs,>2 hrs,High,Middle,No
Yes,Male,IT,180,46,67,54,72,Gaming,1-2 hrs,Morning,<3 LPA,Yes,25%,3-5 hrs,30-60 min,Medium,Middle,No
Yes,Male,Mechanical,173,45,91,56,69,Reading,<1 hr,Night,<3 LPA,Yes,75%,1-3 hrs,30-60 min,Medium,Middle,Yes
No,Male,IT,179,49,76,85,68,Music,2-4 hrs,Night,5-8 LPA,Yes,75%,<1 hr,30-60 min,Medium,Middle,Yes
Yes,Male,CS,171,70,65,88,85,Sports,1-2 hrs,Night,<3 LPA,Yes,25%,>5 hrs,<30 min,Medium,Poor,Yes
Yes,Male,Civil,188,76,61,64,76,Gaming,2-4 hrs,Evening,<3 LPA,Yes,25%,1-3 hrs,30-60 min,Medium,Middle,No
Yes,Male,IT,164,86,87,78,70,Gaming,2-4 hrs,Night,<3 LPA,Yes,100%,1-3 hrs,1-2 hrs,High,Good,No
No,Male,CS,189,81,68,72,85,Gaming,2-4 hrs,Night,3-5 LPA,Yes,100%,<1 hr,1-2 hrs,Low,Good,No
Yes,Male,CS,162,81,69,82,79,Travelling,2-4 hrs,Morning,5-8 LPA,No,100%,1-3 hrs,30-60 min,High,Middle,No
Yes,Female,CS,186,67,63,75,85,Sports,2-4 hrs,Night,<3 LPA,Yes,100%,3-5 hrs,>2 hrs,Medium,Middle,No
No,Male,CS,175,83,90,84,71,Gaming,1-2 hrs,Night,3-5 LPA,No,100%,>5 hrs,>2 hrs,High,Middle,Yes
No,Male,CS,187,55,57,69,89,Reading,1-2 hrs,Morning,<3 LPA,Yes,50%,>5 hrs,30-60 min,High,Poor,Yes
No,Male,Mechanical,189,69,92,90,71,Travelling,2-4 hrs,Morning,5-8 LPA,Yes,100%,>5 hrs,<30 min,Medium,Good,Yes
No,Male,Civil,162,74,61,56,78,Reading,>4 hrs,Morning,<3 LPA,Yes,50%,3-5 hrs,<30 min,Low,Middle,No
No,Female,CS,179,49,66,68,85,Gaming,1-2 hrs,Morning,3-5 LPA,No,75%,3-5 hrs,>2 hrs,Medium,Middle,No
Yes,Female,IT,163,57,87,50,80,Travelling,1-2 hrs,Night,<3 LPA,Yes,50%,1-3 hrs,<30 min,Medium,Middle,Yes
Yes,Female,CS,171,52,70,73,65,Gaming,2-4 hrs,Night,3-5 LPA,Yes,100%,1-3 hrs,>2 hrs,High,Middle,No
No,Male,ENTC,182,58,86,65,75,Reading,2-4 hrs,Night,5-8 LPA,Yes,25%,<1 hr,30-60 min,Medium,Middle,Yes
Yes,Male,Civil,186,87,73,70,64,Reading,>4 hrs,Evening,>8 LPA,No,25%,<1 hr,30-60 min,Low,Middle,No
Yes,Male,Mechanical,186,73,94,51,85,Music,>4 hrs,Evening,5-8 LPA,Yes,50%,1-3 hrs,<30 min,Low,Good,No
Yes,Female,CS,167,68,68,58,89,Travelling,2-4 hrs,Night,3-5 LPA,No,75%,1-3 hrs,<30 min,Medium,Middle,No
Yes,Male,Mechanical,179,48,86,53,73,Sports,1-2 hrs,Evening,>8 LPA,Yes,50%,1-3 hrs,<30 min,Medium,Good,No
Yes,Male,CS,168,50,59,56,63,Music,1-2 hrs,Night,>8 LPA,Yes,50%,1-3 hrs,1-2 hrs,Low,Middle,No
Yes,Female,Mechanical,156,72,69,77,66,Music,1-2 hrs,Night,3-5 LPA,Yes,75%,1-3 hrs,30-60 min,Medium,Good,Yes
Yes,Male,IT,150,53,83,53,83,Sports,1-2 hrs,Night,5-8 LPA,Yes,75%,1-3 hrs,30-60 min,Medium,Middle,No
Yes,Female,CS,159,72,65,85,72,Sports,1-2 hrs,Evening,5-8 LPA,Yes,75%,1-3 hrs,30-60 min,Low,Middle,No
Yes,Male,IT,151,74,61,57,85,Music,2-4 hrs,Evening,5-8 LPA,Yes,25%,3-5 hrs,1-2 hrs,High,Poor,Yes
No,Female,ENTC,174,52,87,87,67,Sports,1-2 hrs,Evening,3-5 LPA,Yes,75%,1-3 hrs,<30 min,Medium,Poor,No
No,Male,CS,162,89,80,51,81,Gaming,1-2 hrs,Night,3-5 LPA,Yes,75%,3-5 hrs,<30 min,Medium,Middle,Yes
No,Male,CS,160,72,69,87,65,Reading,2-4 hrs,Night,5-8 LPA,No,75%,3-5 hrs,1-2 hrs,Medium,Middle,Yes
Yes,Male,CS,160,83,66,68,74,Sports,1-2 hrs,Morning,5-8 LPA,Yes,75%,1-3 hrs,1-2 hrs,Medium,Middle,Yes
Yes,Male,ENTC,154,62,61,50,85,Music,>4 hrs,Evening,<3 LPA,Yes,50%,<1 hr,<30 min,Low,Middle,No
Yes,Female,Mechanical,167,62,63,61,87,Sports,>4 hrs,Morning,3-5 LPA,No,75%,1-3 hrs,1-2 hrs,Low,Good,No
Yes,Male,ENTC,157,67,90,82,87,Music,<1 hr,Night,<3 LPA,Yes,50%,1-3 hrs,30-60 min,High,Good,Yes
Yes,Female,CS,159,51,56,68,61,Travelling,2-4 hrs,Morning,>8 LPA,Yes,75%,1-3 hrs,1-2 hrs,Medium,Middle,No
Yes,Female,IT,166,59,91,64,70,Sports,1-2 hrs,Evening,3-5 LPA,Yes,75%,1-3 hrs,1-2 hrs,Low,Poor,Yes
Yes,Male,CS,158,68,67,58,61,Reading,2-4 hrs,Morning,5-8 LPA,Yes,50%,>5 hrs,<30 min,Low,Poor,Yes
No,Female,IT,172,49,60,57,83,Gaming,1-2 hrs,Morning,<3 LPA,No,75%,3-5 hrs,30-60 min,Low,Good,Yes
Yes,Male,IT,151,47,93,87,69,Music,1-2 hrs,Evening,5-8 LPA,Yes,100%,<1 hr,<30 min,Medium,Middle,Yes
Yes,Male,CS,166,55,88,85,88,Sports,<1 hr,Morning,<3 LPA,Yes,75%,1-3 hrs,30-60 min,High,Middle,No
No,Male,Mechanical,178,66,74,69,87,Reading,<1 hr,Night,3-5 LPA,Yes,25%,3-5 hrs,30-60 min,Medium,Middle,No
Yes,Male,CS,174,57,64,58,81,Travelling,2-4 hrs,Evening,<3 LPA,Yes,25%,1-3 hrs,30-60 min,Low,Middle,Yes
No,Female,Mechanical,186,66,55,79,61,Music,1-2 hrs,Morning,3-5 LPA,Yes,25%,1-3 hrs,>2 hrs,Medium,Good,Yes
No,Male,CS,172,79,57,80,87,Reading,2-4 hrs,Night,5-8 LPA,Yes,75%,1-3 hrs,<30 min,Medium,Middle,Yes
Yes,Female,CS,166,48,64,66,87,Gaming,>4 hrs,Morning,<3 LPA,No,50%,>5 hrs,<30 min,Low,Middle,Yes
Yes,Male,IT,159,67,87,64,89,Music,2-4 hrs,Night,3-5 LPA,Yes,75%,<1 hr,<30 min,Low,Middle,No
Yes,Female,CS,176,68,56,51,61,Sports,1-2 hrs,Evening,3-5 LPA,No,100%,1-3 hrs,<30 min,High,Middle,No
Yes,Female,IT,172,83,66,80,60,Gaming,1-2 hrs,Evening,3-5 LPA,Yes,75%,3-5 hrs,<30 min,High,Middle,No
No,Male,CS,157,84,94,51,71,Sports,1-2 hrs,Night,3-5 LPA,Yes,50%,1-3 hrs,<30 min,Medium,Middle,No
Yes,Male,IT,159,64,59,73,60,Travelling,1-2 hrs,Evening,3-5 LPA,Yes,50%,3-5 hrs,1-2 hrs,Low,Middle,Yes
No,Male,CS,154,52,71,76,69,Music,<1 hr,Night,>8 LPA,Yes,100%,3-5 hrs,30-60 min,Medium,Middle,Yes
No,Male,Civil,164,74,60,93,68,Gaming,1-2 hrs,Evening,5-8 LPA,Yes,75%,1-3 hrs,1-2 hrs,Low,Middle,Yes
Yes,Male,ENTC,174,72,80,53,75,Reading,2-4 hrs,Morning,5-8 LPA,Yes,75%,<1 hr,<30 min,Low,Good,Yes
Yes,Female,Civil,171,60,68,63,79,Music,>4 hrs,Evening,<3 LPA,Yes,50%,1-3 hrs,30-60 min,Low,Good,Yes
Yes,Male,ENTC,169,69,76,59,66,Gaming,1-2 hrs,Evening,<3 LPA,Yes,75%,<1 hr,30-60 min,Low,Middle,No
Yes,Female,CS,163,64,93,78,89,Gaming,1-2 hrs,Evening,<3 LPA,Yes,25%,<1 hr,1-2 hrs,Medium,Poor,No
Yes,Male,ENTC,183,81,88,74,64,Gaming,1-2 hrs,Evening,3-5 LPA,No,25%,1-3 hrs,30-60 min,High,Good,Yes
Yes,Male,IT,161,81,82,74,84,Gaming,2-4 hrs,Morning,<3 LPA,No,50%,>5 hrs,1-2 hrs,Medium,Poor,No
No,Female,CS,183,45,59,84,62,Reading,1-2 hrs,Night,3-5 LPA,Yes,50%,3-5 hrs,1-2 hrs,Medium,Middle,Yes
No,Female,Mechanical,157,61,82,84,85,Reading,2-4 hrs,Night,3-5 LPA,Yes,75%,1-3 hrs,<30 min,Medium,Middle,Yes
No,Male,CS,185,78,91,76,66,Music,2-4 hrs,Morning,5-8 LPA,Yes,50%,1-3 hrs,30-60 min,Medium,Middle,Yes
Yes,Male,CS,176,86,70,62,68,Travelling,1-2 hrs,Evening,<3 LPA,No,75%,3-5 hrs,<30 min,Low,Good,No
Yes,Male,ENTC,163,81,75,75,75,Music,1-2 hrs,Evening,3-5 LPA,Yes,50%,1-3 hrs,1-2 hrs,Low,Poor,No
Yes,Male,CS,155,68,72,76,67,Music,>4 hrs,Night,>8 LPA,Yes,75%,3-5 hrs,30-60 min,High,Middle,Yes
No,Male,ENTC,155,66,66,89,72,Music,2-4 hrs,Morning,3-5 LPA,Yes,25%,1-3 hrs,<30 min,High,Good,No
Yes,Male,ENTC,166,89,91,51,71,Reading,1-2 hrs,Morning,3-5 LPA,Yes,75%,3-5 hrs,30-60 min,Low,Middle,No
No,Male,Civil,175,54,65,60,69,Gaming,>4 hrs,Night,3-5 LPA,No,75%,<1 hr,<30 min,Low,Middle,Yes
Yes,Female,CS,152,60,79,87,80,Gaming,1-2 hrs,Evening,3-5 LPA,No,75%,3-5 hrs,30-60 min,Low,Good,No
No,Male,IT,150,63,60,50,72,Gaming,>4 hrs,Night,<3 LPA,Yes,75%,1-3 hrs,1-2 hrs,Low,Good,No
Yes,Female,Mechanical,171,75,87,55,76,Travelling,2-4 hrs,Evening,5-8 LPA,Yes,50%,<1 hr,<30 min,Low,Middle,No
No,Female,Civil,166,84,88,53,73,Gaming,1-2 hrs,Night,3-5 LPA,Yes,75%,<1 hr,1-2 hrs,High,Middle,No
No,Male,CS,176,82,58,84,87,Music,>4 hrs,Morning,5-8 LPA,Yes,75%,3-5 hrs,>2 hrs,Medium,Poor,Yes
Yes,Male,Civil,156,87,86,82,66,Sports,2-4 hrs,Night,5-8 LPA,No,50%,1-3 hrs,1-2 hrs,High,Poor,No
Yes,Female,IT,181,82,70,83,87,Music,>4 hrs,Evening,5-8 LPA,No,100%,<1 hr,>2 hrs,Medium,Good,No
Yes,Male,ENTC,180,73,91,51,77,Sports,1-2 hrs,Night,3-5 LPA,Yes,100%,1-3 hrs,>2 hrs,Medium,Middle,Yes
No,Male,Civil,177,68,92,94,67,Gaming,<1 hr,Night,3-5 LPA,Yes,50%,1-3 hrs,30-60 min,Medium,Good,No
Yes,Female,ENTC,177,50,81,68,61,Gaming,2-4 hrs,Evening,3-5 LPA,No,25%,1-3 hrs,30-60 min,Medium,Middle,No
Yes,Male,Mechanical,189,86,80,90,64,Reading,2-4 hrs,Night,3-5 LPA,No,50%,<1 hr,>2 hrs,Medium,Poor,Yes
Yes,Female,IT,188,64,86,74,74,Sports,1-2 hrs,Evening,<3 LPA,Yes,50%,1-3 hrs,1-2 hrs,Medium,Poor,No
No,Female,ENTC,172,86,75,72,62,Sports,2-4 hrs,Evening,<3 LPA,Yes,100%,3-5 hrs,<30 min,Medium,Poor,No
Yes,Male,ENTC,152,89,83,85,74,Reading,<1 hr,Morning,3-5 LPA,Yes,25%,<1 hr,30-60 min,Low,Poor,Yes
Yes,Female,ENTC,184,79,79,63,71,Gaming,>4 hrs,Evening,3-5 LPA,Yes,100%,1-3 hrs,1-2 hrs,Medium,Middle,Yes
Yes,Male,IT,151,46,82,64,70,Gaming,<1 hr,Morning,3-5 LPA,Yes,75%,1-3 hrs,<30 min,High,Middle,Yes
Yes,Male,CS,189,87,69,91,80,Sports,2-4 hrs,Night,5-8 LPA,No,75%,1-3 hrs,1-2 hrs,High,Middle,No
No,Male,CS,157,86,84,94,75,Travelling,<1 hr,Night,>8 LPA,No,50%,<1 hr,<30 min,High,Poor,No
Yes,Male,Mechanical,183,52,76,56,63,Gaming,>4 hrs,Night,5-8 LPA,Yes,100%,<1 hr,30-60 min,High,Middle,No
Yes,Female,Mechanical,154,82,74,51,68,Gaming,1-2 hrs,Evening,<3 LPA,No,100%,3-5 hrs,1-2 hrs,High,Middle,Yes
Yes,Male,CS,167,46,71,63,76,Sports,>4 hrs,Night,<3 LPA,Yes,100%,3-5 hrs,30-60 min,Low,Middle,Yes
Yes,Male,CS,152,56,93,56,72,Gaming,2-4 hrs,Evening,>8 LPA,Yes,75%,3-5 hrs,1-2 hrs,Medium,Good,No
Yes,Female,Mechanical,179,58,86,93,79,Sports,1-2 hrs,Morning,<3 LPA,Yes,50%,<1 hr,1-2 hrs,Medium,Poor,No
Yes,Male,ENTC,179,86,83,63,72,Gaming,>4 hrs,Night,3-5 LPA,No,75%,1-3 hrs,<30 min,Medium,Middle,Yes
No,Male,Mechanical,160,45,60,93,67,Music,1-2 hrs,Morning,>8 LPA,Yes,100%,3-5 hrs,<30 min,High,Good,No
Yes,Male,CS,188,63,60,52,83,Reading,>4 hrs,Evening,3-5 LPA,Yes,100%,3-5 hrs,>2 hrs,Medium,Good,No
Yes,Male,ENTC,170,64,93,53,77,Reading,<1 hr,Morning,>8 LPA,Yes,50%,<1 hr,<30 min,Low,Poor,Yes
No,Female,IT,180,70,76,90,85,Travelling,2-4 hrs,Morning,5-8 LPA,Yes,75%,1-3 hrs,<30 min,Low,Middle,Yes
Yes,Female,ENTC,181,79,67,66,89,Music,2-4 hrs,Night,3-5 LPA,Yes,25%,<1 hr,>2 hrs,Medium,Poor,No
Yes,Male,IT,179,58,78,82,79,Music,2-4 hrs,Morning,3-5 LPA,No,50%,3-5 hrs,<30 min,Low,Poor,Yes
No,Male,CS,181,84,82,86,84,Music,1-2 hrs,Morning,<3 LPA,Yes,100%,1-3 hrs,<30 min,Medium,Poor,No
No,Female,Mechanical,167,71,65,79,87,Reading,2-4 hrs,Evening,3-5 LPA,Yes,50%,3-5 hrs,30-60 min,High,Good,No
Yes,Male,Civil,158,71,71,62,87,Gaming,2-4 hrs,Morning,<3 LPA,Yes,100%,<1 hr,<30 min,Medium,Middle,Yes
No,Female,Civil,161,57,93,84,86,Music,1-2 hrs,Night,<3 LPA,Yes,25%,<1 hr,1-2 hrs,Medium,Middle,No
Yes,Male,IT,188,64,72,61,88,Music,1-2 hrs,Morning,>8 LPA,Yes,75%,1-3 hrs,<30 min,Low,Middle,Yes
No,Male,IT,180,49,89,93,77,Travelling,1-2 hrs,Evening,>8 LPA,No,75%,1-3 hrs,30-60 min,Medium,Middle,No
Yes,Male,ENTC,179,60,78,72,81,Sports,2-4 hrs,Night,5-8 LPA,No,75%,>5 hrs,<30 min,Medium,Middle,Yes
Yes,Male,ENTC,160,55,88,69,66,Reading,1-2 hrs,Night,<3 LPA,No,75%,<1 hr,<30 min,Medium,Middle,No
No,Male,IT,164,50,72,93,80,Reading,2-4 hrs,Night,5-8 LPA,Yes,100%,1-3 hrs,30-60 min,High,Middle,No
Yes,Male,IT,171,61,65,63,85,Reading,>4 hrs,Evening,3-5 LPA,Yes,50%,>5 hrs,30-60 min,Medium,Middle,Yes
Yes,Male,ENTC,153,53,80,76,74,Sports,<1 hr,Night,3-5 LPA,Yes,25%,1-3 hrs,>2 hrs,Low,Middle,No
Yes,Male,Mechanical,158,84,63,84,77,Reading,1-2 hrs,Evening,5-8 LPA,No,100%,1-3 hrs,30-60 min,Medium,Middle,No
Yes,Male,ENTC,167,83,85,52,70,Travelling,1-2 hrs,Night,3-5 LPA,No,50%,3-5 hrs,<30 min,Medium,Middle,Yes
No,Male,Civil,188,76,68,63,73,Travelling,1-2 hrs,Evening,<3 LPA,No,50%,<1 hr,>2 hrs,Medium,Poor,Yes
Yes,Male,Mechanical,189,47,64,84,85,Sports,1-2 hrs,Evening,5-8 LPA,Yes,50%,>5 hrs,30-60 min,Low,Middle,Yes
Yes,Male,CS,176,67,61,94,80,Gaming,2-4 hrs,Night,3-5 LPA,Yes,50%,1-3 hrs,<30 min,Medium,Good,No
No,Male,ENTC,158,68,65,59,70,Sports,<1 hr,Evening,5-8 LPA,No,75%,1-3 hrs,<30 min,Medium,Middle,No
No,Female,IT,166,68,83,69,76,Gaming,1-2 hrs,Evening,3-5 LPA,Yes,50%,<1 hr,30-60 min,Medium,Good,Yes
Yes,Male,Civil,186,89,69,92,72,Gaming,<1 hr,Night,5-8 LPA,Yes,50%,>5 hrs,>2 hrs,Low,Poor,Yes
Yes,Male,ENTC,173,58,92,89,88,Reading,2-4 hrs,Evening,<3 LPA,Yes,50%,3-5 hrs,30-60 min,Low,Middle,No
Yes,Male,Mechanical,186,79,76,50,74,Travelling,2-4 hrs,Evening,<3 LPA,Yes,75%,1-3 hrs,1-2 hrs,Medium,Middle,No
Yes,Female,ENTC,168,61,55,84,88,Gaming,2-4 hrs,Morning,3-5 LPA,Yes,50%,1-3 hrs,<30 min,Medium,Poor,No
Yes,Male,CS,180,62,81,75,89,Music,1-2 hrs,Morning,3-5 LPA,Yes,50%,1-3 hrs,<30 min,Low,Middle,Yes
No,Female,IT,161,61,59,72,86,Gaming,<1 hr,Evening,3-5 LPA,Yes,100%,1-3 hrs,<30 min,Medium,Good,No
Yes,Male,Mechanical,157,69,82,52,75,Travelling,2-4 hrs,Evening,>8 LPA,No,50%,3-5 hrs,1-2 hrs,High,Middle,No
Yes,Male,IT,179,49,82,92,87,Reading,1-2 hrs,Morning,3-5 LPA,Yes,25%,1-3 hrs,<30 min,High,Middle,Yes
Yes,Female,Mechanical,186,51,91,65,61,Music,2-4 hrs,Evening,5-8 LPA,Yes,75%,3-5 hrs,1-2 hrs,Low,Poor,No
Yes,Female,CS,188,46,59,90,66,Music,<1 hr,Night,<3 LPA,No,75%,<1 hr,<30 min,Medium,Good,No
Yes,Male,Civil,150,66,79,67,68,Gaming,>4 hrs,Night,5-8 LPA,No,25%,>5 hrs,<30 min,Medium,Good,No
Yes,Male,Civil,167,55,85,69,64,Music,<1 hr,Morning,>8 LPA,Yes,50%,<1 hr,<30 min,Medium,Good,No
Yes,Male,CS,173,55,56,64,68,Gaming,2-4 hrs,Evening,>8 LPA,Yes,25%,<1 hr,30-60 min,Low,Good,No
Yes,Male,CS,151,76,83,60,61,Reading,>4 hrs,Evening,>8 LPA,Yes,75%,<1 hr,>2 hrs,Medium,Poor,Yes
Yes,Female,Civil,182,64,85,53,75,Gaming,<1 hr,Night,<3 LPA,Yes,100%,3-5 hrs,<30 min,Medium,Good,Yes
Yes,Female,IT,159,81,93,94,68,Music,1-2 hrs,Morning,<3 LPA,Yes,50%,<1 hr,30-60 min,Medium,Middle,No
Yes,Male,Mechanical,170,86,75,55,62,Gaming,>4 hrs,Night,5-8 LPA,Yes,50%,1-3 hrs,<30 min,High,Poor,No
No,Male,CS,171,61,61,62,85,Sports,2-4 hrs,Morning,3-5 LPA,No,25%,<1 hr,<30 min,High,Middle,No
No,Female,IT,182,86,92,80,88,Sports,1-2 hrs,Evening,5-8 LPA,No,25%,<1 hr,1-2 hrs,Medium,Good,Yes
No,Female,CS,165,53,61,84,76,Gaming,1-2 hrs,Morning,3-5 LPA,No,75%,3-5 hrs,<30 min,Medium,Good,Yes
No,Male,IT,189,55,88,77,65,Reading,1-2 hrs,Morning,5-8 LPA,Yes,50%,3-5 hrs,1-2 hrs,Medium,Good,No
Yes,Female,CS,182,50,72,50,81,Reading,>4 hrs,Evening,<3 LPA,Yes,100%,3-5 hrs,30-60 min,Low,Middle,No
No,Male,Mechanical,170,81,73,65,68,Music,1-2 hrs,Morning,5-8 LPA,Yes,75%,<1 hr,30-60 min,Low,Middle,No
Yes,Female,ENTC,183,62,84,69,80,Music,2-4 hrs,Night,5-8 LPA,Yes,50%,3-5 hrs,30-60 min,High,Good,Yes
Yes,Male,CS,176,83,84,92,63,Gaming,>4 hrs,Morning,<3 LPA,Yes,100%,1-3 hrs,30-60 min,Low,Good,No
No,Male,IT,150,55,79,72,69,Music,>4 hrs,Morning,3-5 LPA,Yes,100%,<1 hr,<30 min,Medium,Good,No
Yes,Male,Civil,180,46,78,92,82,Travelling,>4 hrs,Morning,>8 LPA,Yes,25%,1-3 hrs,<30 min,High,Good,No
No,Male,Mechanical,175,54,86,76,76,Music,2-4 hrs,Evening,>8 LPA,Yes,100%,>5 hrs,1-2 hrs,Low,Good,Yes
Yes,Male,IT,162,46,57,61,63,Reading,2-4 hrs,Night,3-5 LPA,Yes,25%,1-3 hrs,1-2 hrs,Low,Middle,No
Yes,Male,Mechanical,159,86,89,85,78,Gaming,1-2 hrs,Night,3-5 LPA,Yes,100%,<1 hr,<30 min,Medium,Middle,No
No,Female,CS,187,75,64,70,74,Reading,1-2 hrs,Night,<3 LPA,No,100%,1-3 hrs,<30 min,Medium,Middle,Yes
Yes,Male,Civil,188,71,88,62,82,Travelling,1-2 hrs,Morning,3-5 LPA,Yes,75%,1-3 hrs,30-60 min,Medium,Middle,No
Yes,Male,IT,178,48,94,78,84,Gaming,1-2 hrs,Night,<3 LPA,No,75%,1-3 hrs,30-60 min,Low,Middle,No
No,Male,CS,173,79,76,60,79,Travelling,2-4 hrs,Night,3-5 LPA,Yes,50%,3-5 hrs,<30 min,High,Middle,No
Yes,Female,ENTC,162,47,66,89,60,Reading,2-4 hrs,Evening,<3 LPA,Yes,75%,3-5 hrs,<30 min,High,Good,No
No,Male,Mechanical,170,82,63,68,63,Reading,2-4 hrs,Morning,<3 LPA,Yes,100%,1-3 hrs,30-60 min,Low,Good,No
Yes,Male,CS,160,88,77,90,74,Travelling,2-4 hrs,Night,<3 LPA,Yes,50%,<1 hr,>2 hrs,High,Poor,No
Yes,Male,IT,173,62,76,71,76,Reading,1-2 hrs,Night,3-5 LPA,No,25%,1-3 hrs,<30 min,Medium,Middle,No
Yes,Male,ENTC,162,72,83,64,88,Gaming,1-2 hrs,Evening,<3 LPA,Yes,75%,1-3 hrs,30-60 min,Medium,Middle,No
No,Male,CS,153,67,60,86,86,Travelling,2-4 hrs,Evening,3-5 LPA,Yes,50%,3-5 hrs,1-2 hrs,Medium,Middle,Yes
Yes,Male,IT,189,60,93,61,70,Sports,>4 hrs,Evening,3-5 LPA,No,75%,<1 hr,<30 min,Low,Good,No
Yes,Male,ENTC,151,67,92,78,72,Sports,>4 hrs,Morning,3-5 LPA,No,100%,1-3 hrs,30-60 min,Low,Middle,No
Yes,Female,CS,163,56,69,83,79,Travelling,>4 hrs,Evening,3-5 LPA,No,75%,3-5 hrs,30-60 min,Medium,Middle,No
Yes,Male,CS,161,52,68,52,85,Travelling,1-2 hrs,Night,3-5 LPA,Yes,75%,1-3 hrs,<30 min,High,Poor,No
Yes,Male,CS,186,85,89,64,80,Gaming,2-4 hrs,Morning,5-8 LPA,No,50%,>5 hrs,<30 min,High,Middle,No
Yes,Female,CS,176,47,61,91,66,Travelling,<1 hr,Evening,3-5 LPA,Yes,75%,>5 hrs,30-60 min,Medium,Middle,No
Yes,Female,Civil,164,79,65,51,89,Sports,>4 hrs,Evening,3-5 LPA,No,75%,<1 hr,<30 min,Low,Middle,No
No,Male,Civil,189,76,78,88,79,Gaming,>4 hrs,Evening,<3 LPA,No,75%,<1 hr,<30 min,High,Good,No
Yes,Male,Mechanical,153,69,55,70,74,Travelling,1-2 hrs,Night,5-8 LPA,Yes,100%,1-3 hrs,<30 min,High,Poor,No
Yes,Male,IT,163,88,75,58,77,Gaming,>4 hrs,Morning,<3 LPA,Yes,75%,>5 hrs,30-60 min,Low,Good,No
No,Female,IT,171,61,57,75,79,Sports,2-4 hrs,Morning,5-8 LPA,Yes,50%,>5 hrs,1-2 hrs,Medium,Middle,Yes
Yes,Male,Civil,152,58,71,91,78,Reading,1-2 hrs,Evening,<3 LPA,Yes,100%,<1 hr,>2 hrs,High,Good,Yes
No,Female,CS,180,48,69,74,66,Music,<1 hr,Morning,3-5 LPA,Yes,75%,<1 hr,<30 min,Low,Poor,No
No,Male,IT,175,56,85,51,64,Gaming,2-4 hrs,Morning,<3 LPA,Yes,100%,3-5 hrs,1-2 hrs,Medium,Good,No
Yes,Male,CS,174,53,80,63,72,Sports,>4 hrs,Evening,3-5 LPA,Yes,50%,>5 hrs,1-2 hrs,Medium,Good,Yes
Yes,Female,Civil,159,83,55,76,78,Sports,1-2 hrs,Night,<3 LPA,Yes,50%,1-3 hrs,1-2 hrs,Low,Good,No
No,Female,IT,158,52,85,93,76,Gaming,>4 hrs,Morning,3-5 LPA,No,25%,3-5 hrs,<30 min,Medium,Good,Yes
Yes,Male,ENTC,158,87,86,93,67,Reading,1-2 hrs,Night,>8 LPA,Yes,75%,<1 hr,30-60 min,High,Middle,Yes
No,Male,ENTC,176,75,81,77,64,Travelling,2-4 hrs,Evening,3-5 LPA,Yes,50%,3-5 hrs,30-60 min,Medium,Middle,No
Yes,Male,CS,155,74,69,86,69,Travelling,2-4 hrs,Night,3-5 LPA,Yes,50%,<1 hr,<30 min,Low,Middle,Yes
Yes,Female,CS,177,55,70,83,73,Music,<1 hr,Morning,3-5 LPA,Yes,25%,1-3 hrs,1-2 hrs,High,Middle,No
Yes,Male,ENTC,164,76,62,58,72,Music,2-4 hrs,Morning,<3 LPA,Yes,75%,1-3 hrs,30-60 min,Medium,Poor,Yes
Yes,Male,CS,158,56,73,87,86,Sports,1-2 hrs,Morning,>8 LPA,No,75%,<1 hr,30-60 min,Low,Middle,Yes
No,Female,IT,175,76,78,94,79,Reading,2-4 hrs,Morning,<3 LPA,Yes,75%,>5 hrs,1-2 hrs,Medium,Middle,Yes
Yes,Female,Mechanical,166,62,73,87,65,Reading,<1 hr,Evening,5-8 LPA,No,50%,3-5 hrs,30-60 min,Low,Good,No
No,Male,Mechanical,186,45,78,54,74,Music,2-4 hrs,Night,<3 LPA,No,75%,1-3 hrs,30-60 min,High,Middle,No
Yes,Male,CS,180,72,84,82,69,Reading,<1 hr,Evening,<3 LPA,No,50%,3-5 hrs,>2 hrs,Low,Poor,No
Yes,Male,ENTC,183,60,73,87,69,Gaming,2-4 hrs,Evening,<3 LPA,Yes,75%,<1 hr,<30 min,Low,Middle,No
No,Female,IT,189,86,70,70,63,Sports,>4 hrs,Night,5-8 LPA,No,50%,1-3 hrs,1-2 hrs,High,Middle,No
Yes,Male,ENTC,152,74,90,65,79,Music,<1 hr,Morning,5-8 LPA,Yes,25%,1-3 hrs,<30 min,Medium,Poor,No
Yes,Female,CS,154,49,85,91,89,Music,1-2 hrs,Morning,3-5 LPA,Yes,75%,<1 hr,1-2 hrs,Medium,Middle,No
No,Male,CS,172,75,93,52,89,Music,2-4 hrs,Morning,<3 LPA,Yes,75%,3-5 hrs,<30 min,Low,Good,Yes
Yes,Male,CS,167,79,80,50,78,Gaming,2-4 hrs,Morning,5-8 LPA,Yes,75%,3-5 hrs,30-60 min,Medium,Middle,Yes
No,Male,Civil,185,60,91,94,65,Music,<1 hr,Night,3-5 LPA,Yes,100%,<1 hr,<30 min,Low,Good,No
Yes,Female,ENTC,167,68,94,68,81,Reading,<1 hr,Evening,<3 LPA,No,100%,>5 hrs,>2 hrs,High,Poor,Yes
Yes,Female,CS,175,88,86,92,72,Gaming,2-4 hrs,Morning,5-8 LPA,Yes,75%,3-5 hrs,>2 hrs,Low,Good,No
No,Female,ENTC,187,76,94,90,85,Music,2-4 hrs,Morning,5-8 LPA,Yes,100%,1-3 hrs,30-60 min,Medium,Middle,No
No,Female,CS,169,84,63,88,83,Travelling,2-4 hrs,Night,<3 LPA,No,50%,1-3 hrs,1-2 hrs,High,Middle,No
Yes,Female,CS,189,48,94,60,69,Music,<1 hr,Morning,<3 LPA,Yes,75%,1-3 hrs,30-60 min,Medium,Middle,Yes
Yes,Female,CS,177,81,88,78,70,Reading,>4 hrs,Morning,3-5 LPA,No,75%,3-5 hrs,>2 hrs,Medium,Middle,No
Yes,Male,Mechanical,165,77,88,81,85,Sports,2-4 hrs,Night,<3 LPA,No,50%,3-5 hrs,<30 min,High,Middle,No
Yes,Female,IT,184,51,81,67,62,Sports,<1 hr,Morning,5-8 LPA,Yes,75%,<1 hr,<30 min,Medium,Good,No
Yes,Male,Civil,168,86,89,89,60,Reading,<1 hr,Morning,>8 LPA,Yes,75%,1-3 hrs,<30 min,High,Poor,No
Yes,Female,ENTC,159,45,57,92,66,Music,2-4 hrs,Night,3-5 LPA,Yes,100%,3-5 hrs,<30 min,Low,Poor,Yes
No,Female,Mechanical,157,54,94,85,78,Music,<1 hr,Morning,5-8 LPA,No,100%,3-5 hrs,>2 hrs,Medium,Middle,Yes
Yes,Female,ENTC,175,65,72,88,68,Music,1-2 hrs,Evening,3-5 LPA,Yes,75%,1-3 hrs,<30 min,High,Good,Yes
No,Male,ENTC,162,62,63,87,71,Music,1-2 hrs,Night,>8 LPA,Yes,50%,1-3 hrs,30-60 min,High,Good,No
No,Female,ENTC,172,57,62,75,81,Sports,>4 hrs,Night,<3 LPA,Yes,25%,>5 hrs,30-60 min,Medium,Middle,No
No,Female,CS,160,49,78,65,83,Music,2-4 hrs,Morning,5-8 LPA,No,75%,<1 hr,1-2 hrs,Medium,Middle,No
Yes,Female,CS,163,49,73,78,81,Music,1-2 hrs,Morning,<3 LPA,Yes,50%,>5 hrs,>2 hrs,Low,Middle,No
No,Male,ENTC,164,49,76,65,75,Sports,<1 hr,Morning,5-8 LPA,Yes,75%,<1 hr,1-2 hrs,Medium,Middle,Yes
Yes,Female,CS,188,70,71,50,67,Reading,1-2 hrs,Morning,3-5 LPA,Yes,25%,<1 hr,<30 min,Low,Middle,No
Yes,Male,IT,182,75,59,70,78,Sports,1-2 hrs,Morning,>8 LPA,Yes,75%,3-5 hrs,30-60 min,Low,Good,Yes
No,Male,Mechanical,170,52,79,57,74,Music,<1 hr,Morning,>8 LPA,No,100%,>5 hrs,30-60 min,Medium,Good,No
Yes,Male,IT,171,74,61,65,63,Gaming,2-4 hrs,Morning,<3 LPA,Yes,100%,>5 hrs,1-2 hrs,Medium,Middle,No
No,Female,ENTC,163,66,70,80,72,Reading,1-2 hrs,Night,3-5 LPA,No,100%,1-3 hrs,<30 min,High,Poor,No
Yes,Female,IT,189,81,76,81,61,Sports,1-2 hrs,Evening,5-8 LPA,Yes,75%,3-5 hrs,30-60 min,Low,Middle,No
Yes,Male,CS,164,82,77,56,77,Sports,2-4 hrs,Morning,3-5 LPA,Yes,75%,>5 hrs,<30 min,Medium,Middle,Yes
Yes,Male,CS,158,70,63,87,65,Gaming,2-4 hrs,Evening,3-5 LPA,Yes,100%,1-3 hrs,1-2 hrs,High,Middle,No
Yes,Female,ENTC,168,89,71,73,61,Sports,2-4 hrs,Night,>8 LPA,Yes,75%,<1 hr,<30 min,Medium,Middle,No
Yes,Female,IT,185,89,92,68,89,Music,1-2 hrs,Night,5-8 LPA,Yes,50%,<1 hr,>2 hrs,Medium,Good,No
Yes,Male,CS,168,61,82,65,62,Sports,2-4 hrs,Evening,5-8 LPA,No,50%,3-5 hrs,<30 min,Medium,Middle,No
Yes,Male,ENTC,179,63,66,93,71,Gaming,2-4 hrs,Morning,>8 LPA,Yes,75%,<1 hr,30-60 min,Medium,Middle,No
No,Male,Mechanical,185,71,80,50,67,Reading,>4 hrs,Evening,3-5 LPA,Yes,100%,3-5 hrs,30-60 min,Medium,Poor,No
No,Male,Civil,160,88,70,60,64,Sports,>4 hrs,Evening,3-5 LPA,Yes,75%,<1 hr,30-60 min,Medium,Middle,No
Yes,Male,Mechanical,161,72,79,69,61,Sports,2-4 hrs,Morning,5-8 LPA,Yes,75%,3-5 hrs,<30 min,High,Middle,No
No,Male,ENTC,152,66,84,55,74,Sports,2-4 hrs,Evening,5-8 LPA,Yes,50%,3-5 hrs,<30 min,Medium,Middle,No
No,Male,IT,173,79,68,83,75,Reading,<1 hr,Morning,<3 LPA,Yes,75%,<1 hr,1-2 hrs,Low,Good,No
Yes,Female,ENTC,152,75,72,77,76,Reading,1-2 hrs,Morning,<3 LPA,Yes,100%,3-5 hrs,30-60 min,High,Poor,Yes
No,Male,Mechanical,180,59,58,62,81,Music,<1 hr,Morning,5-8 LPA,Yes,50%,3-5 hrs,>2 hrs,High,Middle,Yes
No,Male,CS,171,69,55,61,84,Music,1-2 hrs,Night,3-5 LPA,Yes,25%,1-3 hrs,<30 min,High,Middle,No
Yes,Male,CS,169,52,78,52,75,Reading,2-4 hrs,Morning,3-5 LPA,Yes,50%,1-3 hrs,1-2 hrs,High,Good,Yes
Yes,Male,CS,168,48,58,94,77,Sports,1-2 hrs,Night,<3 LPA,No,25%,1-3 hrs,<30 min,High,Good,Yes
Yes,Female,Civil,169,89,58,54,65,Gaming,1-2 hrs,Evening,3-5 LPA,Yes,75%,<1 hr,30-60 min,Low,Middle,No
No,Female,CS,176,50,91,75,84,Sports,1-2 hrs,Morning,3-5 LPA,Yes,100%,1-3 hrs,<30 min,Medium,Poor,No
Yes,Male,Civil,182,55,56,62,82,Music,1-2 hrs,Morning,3-5 LPA,Yes,75%,<1 hr,1-2 hrs,Medium,Good,Yes
No,Male,Civil,150,65,67,59,83,Music,1-2 hrs,Evening,5-8 LPA,Yes,100%,1-3 hrs,<30 min,Medium,Middle,No
Yes,Male,Mechanical,187,76,70,89,64,Reading,2-4 hrs,Morning,3-5 LPA,Yes,50%,<1 hr,30-60 min,Medium,Middle,No
Yes,Male,ENTC,161,54,56,55,77,Reading,1-2 hrs,Morning,5-8 LPA,Yes,50%,3-5 hrs,1-2 hrs,Low,Middle,No
Yes,Male,ENTC,186,64,58,93,60,Sports,1-2 hrs,Night,3-5 LPA,Yes,50%,<1 hr,>2 hrs,High,Good,No
Yes,Male,IT,174,72,89,67,85,Sports,<1 hr,Evening,>8 LPA,Yes,25%,3-5 hrs,1-2 hrs,Medium,Middle,No
Yes,Male,IT,154,87,75,94,62,Sports,1-2 hrs,Night,<3 LPA,Yes,50%,<1 hr,<30 min,Low,Middle,Yes
No,Male,CS,156,62,73,73,68,Reading,1-2 hrs,Evening,5-8 LPA,Yes,75%,<1 hr,30-60 min,Medium,Middle,No
No,Female,IT,154,46,66,51,75,Gaming,<1 hr,Evening,3-5 LPA,No,100%,<1 hr,<30 min,Medium,Middle,Yes
No,Male,CS,189,62,88,92,87,Reading,>4 hrs,Morning,<3 LPA,No,50%,3-5 hrs,<30 min,Medium,Middle,Yes
Yes,Male,IT,154,76,63,90,78,Music,2-4 hrs,Evening,<3 LPA,Yes,75%,3-5 hrs,<30 min,Medium,Middle,Yes
Yes,Female,ENTC,174,48,85,57,89,Gaming,2-4 hrs,Morning,3-5 LPA,Yes,25%,3-5 hrs,<30 min,Medium,Poor,No
Yes,Male,CS,154,66,87,83,66,Gaming,2-4 hrs,Night,3-5 LPA,Yes,100%,1-3 hrs,1-2 hrs,Medium,Middle,Yes
Yes,Female,IT,170,89,82,50,80,Music,>4 hrs,Evening,5-8 LPA,Yes,50%,1-3 hrs,<30 min,High,Good,Yes
Yes,Male,Civil,186,89,59,78,84,Sports,1-2 hrs,Evening,5-8 LPA,Yes,25%,1-3 hrs,<30 min,Medium,Middle,Yes
Yes,Male,CS,189,89,63,65,82,Travelling,2-4 hrs,Evening,5-8 LPA,No,50%,1-3 hrs,30-60 min,High,Middle,No
Yes,Female,ENTC,162,59,77,91,88,Reading,>4 hrs,Evening,3-5 LPA,No,75%,<1 hr,<30 min,High,Good,No
No,Male,Civil,169,50,62,68,78,Music,<1 hr,Morning,3-5 LPA,Yes,100%,3-5 hrs,<30 min,Low,Middle,Yes
No,Male,Civil,171,69,88,80,83,Gaming,1-2 hrs,Morning,<3 LPA,Yes,50%,<1 hr,30-60 min,Low,Middle,No
Yes,Male,Civil,166,89,76,86,67,Gaming,2-4 hrs,Morning,3-5 LPA,No,100%,3-5 hrs,1-2 hrs,Low,Poor,Yes
No,Male,Civil,175,84,94,52,65,Gaming,1-2 hrs,Morning,>8 LPA,Yes,100%,1-3 hrs,<30 min,High,Good,Yes
Yes,Female,IT,189,55,73,66,68,Music,>4 hrs,Night,>8 LPA,Yes,50%,<1 hr,<30 min,Low,Middle,No
Yes,Male,IT,153,81,59,54,69,Gaming,2-4 hrs,Night,3-5 LPA,No,50%,>5 hrs,30-60 min,Low,Middle,Yes
No,Female,ENTC,184,78,89,83,80,Reading,2-4 hrs,Morning,<3 LPA,Yes,50%,1-3 hrs,30-60 min,Medium,Middle,Yes
Yes,Male,IT,166,55,69,82,62,Gaming,2-4 hrs,Night,3-5 LPA,Yes,75%,1-3 hrs,<30 min,High,Good,No
No,Female,IT,175,52,57,84,75,Music,1-2 hrs,Night,3-5 LPA,No,25%,3-5 hrs,30-60 min,Medium,Middle,No
Yes,Female,ENTC,171,50,65,79,82,Reading,2-4 hrs,Evening,3-5 LPA,Yes,75%,1-3 hrs,30-60 min,Low,Middle,No
Yes,Male,CS,180,83,60,55,67,Travelling,2-4 hrs,Night,3-5 LPA,No,75%,<1 hr,30-60 min,High,Middle,No
Yes,Female,Civil,179,47,72,72,82,Gaming,>4 hrs,Morning,3-5 LPA,Yes,75%,<1 hr,30-60 min,Medium,Middle,Yes
No,Male,CS,155,58,72,88,86,Travelling,1-2 hrs,Morning,3-5 LPA,Yes,100%,1-3 hrs,<30 min,Low,Good,No
No,Male,Mechanical,171,88,64,67,66,Music,>4 hrs,Evening,5-8 LPA,No,75%,>5 hrs,1-2 hrs,High,Poor,No
Yes,Male,ENTC,178,49,75,55,62,Sports,2-4 hrs,Morning,5-8 LPA,Yes,75%,>5 hrs,<30 min,High,Poor,No
No,Male,Mechanical,182,63,79,87,81,Reading,1-2 hrs,Night,<3 LPA,Yes,50%,3-5 hrs,1-2 hrs,Medium,Good,No
Yes,Female,CS,175,82,89,52,66,Reading,<1 hr,Night,3-5 LPA,Yes,75%,3-5 hrs,1-2 hrs,Low,Poor,Yes
Yes,Male,CS,184,69,65,69,76,Gaming,2-4 hrs,Evening,3-5 LPA,No,100%,<1 hr,<30 min,Medium,Middle,No
Yes,Female,Mechanical,170,87,79,83,72,Music,2-4 hrs,Morning,<3 LPA,Yes,75%,<1 hr,<30 min,Medium,Poor,No
Yes,Male,Mechanical,152,75,92,71,87,Music,1-2 hrs,Night,3-5 LPA,No,50%,>5 hrs,<30 min,High,Good,Yes
Yes,Female,CS,156,78,74,69,79,Reading,1-2 hrs,Morning,>8 LPA,Yes,50%,1-3 hrs,<30 min,Medium,Middle,Yes
Yes,Male,Mechanical,168,72,66,85,69,Gaming,1-2 hrs,Evening,<3 LPA,Yes,25%,1-3 hrs,30-60 min,Low,Good,Yes
Yes,Male,ENTC,184,53,85,68,67,Reading,<1 hr,Morning,3-5 LPA,Yes,100%,>5 hrs,1-2 hrs,Low,Middle,Yes
Yes,Male,IT,178,69,78,66,71,Reading,>4 hrs,Evening,<3 LPA,Yes,50%,>5 hrs,>2 hrs,Low,Middle,No
Yes,Male,ENTC,156,55,55,81,77,Gaming,2-4 hrs,Evening,5-8 LPA,Yes,100%,>5 hrs,1-2 hrs,Medium,Middle,No
Yes,Female,CS,167,63,56,90,65,Music,1-2 hrs,Morning,<3 LPA,Yes,75%,3-5 hrs,30-60 min,Low,Good,No
Yes,Male,ENTC,178,49,88,58,85,Gaming,<1 hr,Night,3-5 LPA,Yes,75%,1-3 hrs,<30 min,Medium,Good,Yes
Yes,Male,Mechanical,169,63,93,75,78,Travelling,1-2 hrs,Evening,5-8 LPA,Yes,75%,<1 hr,1-2 hrs,Medium,Middle,No
Yes,Male,CS,162,65,77,54,68,Gaming,2-4 hrs,Morning,3-5 LPA,Yes,75%,>5 hrs,>2 hrs,Medium,Good,No
No,Male,IT,175,57,74,59,70,Sports,1-2 hrs,Evening,3-5 LPA,Yes,75%,1-3 hrs,>2 hrs,High,Middle,Yes
No,Male,Mechanical,163,56,81,71,69,Reading,1-2 hrs,Evening,>8 LPA,No,75%,1-3 hrs,<30 min,High,Good,No
No,Female,IT,159,69,93,92,60,Music,1-2 hrs,Evening,3-5 LPA,Yes,50%,>5 hrs,30-60 min,High,Good,No
Yes,Male,CS,151,69,90,82,65,Sports,>4 hrs,Morning,<3 LPA,No,25%,3-5 hrs,30-60 min,Low,Middle,Yes
Yes,Female,IT,170,56,58,94,75,Gaming,1-2 hrs,Evening,3-5 LPA,Yes,50%,<1 hr,<30 min,Medium,Good,Yes
Yes,Female,CS,185,66,60,71,74,Music,1-2 hrs,Morning,<3 LPA,Yes,50%,<1 hr,1-2 hrs,Low,Middle,No
Yes,Female,CS,179,73,79,93,80,Sports,1-2 hrs,Evening,3-5 LPA,Yes,50%,<1 hr,30-60 min,Medium,Middle,No
Yes,Male,IT,169,67,75,80,88,Gaming,<1 hr,Evening,3-5 LPA,No,50%,3-5 hrs,30-60 min,High,Poor,Yes
Yes,Female,Mechanical,186,76,88,50,77,Gaming,<1 hr,Morning,<3 LPA,Yes,25%,3-5 hrs,1-2 hrs,Medium,Poor,No
Yes,Male,IT,164,55,82,87,65,Reading,1-2 hrs,Evening,>8 LPA,No,75%,>5 hrs,30-60 min,Medium,Poor,No
No,Male,Mechanical,165,81,60,94,89,Reading,<1 hr,Evening,3-5 LPA,No,75%,1-3 hrs,30-60 min,Medium,Middle,No
No,Male,IT,174,70,82,61,77,Music,<1 hr,Evening,<3 LPA,Yes,75%,1-3 hrs,30-60 min,Medium,Middle,Yes
Yes,Male,Mechanical,187,80,92,51,73,Travelling,2-4 hrs,Morning,<3 LPA,Yes,25%,1-3 hrs,<30 min,High,Good,No
Yes,Male,CS,183,53,56,67,72,Gaming,2-4 hrs,Night,3-5 LPA,Yes,100%,<1 hr,>2 hrs,High,Middle,No
Yes,Female,Mechanical,173,79,64,51,75,Travelling,1-2 hrs,Evening,<3 LPA,Yes,25%,1-3 hrs,<30 min,High,Poor,Yes
No,Male,IT,151,60,89,93,77,Sports,2-4 hrs,Morning,>8 LPA,Yes,100%,3-5 hrs,>2 hrs,Low,Middle,Yes
Yes,Male,IT,171,66,79,60,81,Sports,>4 hrs,Night,3-5 LPA,Yes,75%,<1 hr,30-60 min,Low,Middle,Yes
Yes,Male,Mechanical,168,64,62,55,79,Music,2-4 hrs,Evening,3-5 LPA,No,75%,>5 hrs,<30 min,Medium,Poor,Yes
No,Male,CS,174,55,75,69,70,Travelling,2-4 hrs,Evening,5-8 LPA,Yes,100%,<1 hr,<30 min,Medium,Middle,Yes
No,Male,IT,179,65,56,51,79,Gaming,1-2 hrs,Evening,5-8 LPA,Yes,100%,1-3 hrs,<30 min,Medium,Good,No
Yes,Male,Mechanical,165,82,55,53,68,Music,2-4 hrs,Night,3-5 LPA,Yes,50%,<1 hr,>2 hrs,High,Good,Yes
Yes,Male,CS,151,85,70,65,72,Gaming,1-2 hrs,Morning,5-8 LPA,No,50%,1-3 hrs,30-60 min,High,Poor,No
Yes,Male,Mechanical,162,63,71,62,83,Gaming,2-4 hrs,Evening,3-5 LPA,Yes,75%,<1 hr,>2 hrs,Low,Middle,Yes
Yes,Male,Mechanical,186,65,80,68,64,Sports,2-4 hrs,Night,3-5 LPA,Yes,50%,1-3 hrs,1-2 hrs,High,Middle,Yes
Yes,Male,CS,182,86,87,85,64,Music,<1 hr,Night,3-5 LPA,Yes,25%,1-3 hrs,1-2 hrs,High,Middle,Yes
Yes,Male,ENTC,157,67,77,91,72,Gaming,2-4 hrs,Morning,>8 LPA,Yes,75%,1-3 hrs,30-60 min,Medium,Good,No
Yes,Male,ENTC,153,82,71,60,70,Reading,2-4 hrs,Evening,5-8 LPA,Yes,75%,<1 hr,<30 min,High,Middle,No
Yes,Male,CS,174,71,86,78,72,Gaming,1-2 hrs,Evening,3-5 LPA,No,100%,3-5 hrs,<30 min,Low,Middle,No
Yes,Male,Mechanical,176,58,72,65,84,Reading,2-4 hrs,Morning,3-5 LPA,Yes,50%,1-3 hrs,<30 min,Low,Poor,Yes
Yes,Male,ENTC,156,70,86,84,67,Music,2-4 hrs,Evening,5-8 LPA,Yes,25%,<1 hr,<30 min,Low,Middle,Yes
Yes,Male,IT,158,63,83,53,70,Gaming,<1 hr,Morning,3-5 LPA,Yes,50%,1-3 hrs,>2 hrs,High,Middle,No
No,Female,Mechanical,167,56,72,72,73,Travelling,<1 hr,Night,<3 LPA,Yes,50%,1-3 hrs,30-60 min,Medium,Middle,Yes
Yes,Male,CS,165,54,80,56,84,Reading,1-2 hrs,Night,3-5 LPA,No,100%,3-5 hrs,1-2 hrs,Low,Poor,No
No,Male,CS,155,77,84,69,74,Sports,>4 hrs,Morning,3-5 LPA,Yes,25%,>5 hrs,<30 min,High,Poor,No
Yes,Male,CS,169,73,65,57,85,Reading,1-2 hrs,Morning,5-8 LPA,Yes,50%,>5 hrs,<30 min,Medium,Middle,No
Yes,Male,Mechanical,154,57,66,52,62,Travelling,1-2 hrs,Night,3-5 LPA,Yes,75%,3-5 hrs,<30 min,Medium,Good,No
Yes,Male,ENTC,157,87,56,70,86,Reading,>4 hrs,Morning,3-5 LPA,Yes,75%,<1 hr,<30 min,Medium,Poor,No
No,Male,IT,159,49,57,93,67,Reading,1-2 hrs,Morning,>8 LPA,Yes,50%,<1 hr,>2 hrs,High,Middle,No
Yes,Male,CS,160,55,87,64,79,Music,<1 hr,Night,3-5 LPA,Yes,100%,3-5 hrs,30-60 min,Medium,Middle,No
No,Female,CS,177,72,61,89,75,Sports,1-2 hrs,Night,5-8 LPA,Yes,75%,>5 hrs,<30 min,Low,Good,No
Yes,Female,CS,176,75,73,73,87,Music,1-2 hrs,Evening,3-5 LPA,Yes,75%,<1 hr,<30 min,Medium,Middle,No
No,Male,IT,178,81,86,89,72,Gaming,2-4 hrs,Morning,3-5 LPA,Yes,75%,1-3 hrs,<30 min,Low,Good,Yes
Yes,Male,IT,167,63,71,85,73,Sports,2-4 hrs,Night,3-5 LPA,Yes,75%,3-5 hrs,<30 min,High,Good,No
Yes,Male,IT,181,59,58,58,75,Gaming,1-2 hrs,Night,>8 LPA,Yes,100%,1-3 hrs,>2 hrs,Medium,Poor,No
Yes,Male,CS,161,50,73,50,78,Gaming,1-2 hrs,Morning,>8 LPA,No,100%,1-3 hrs,30-60 min,Medium,Good,Yes
No,Male,CS,176,78,91,83,87,Sports,<1 hr,Morning,5-8 LPA,No,75%,1-3 hrs,>2 hrs,Medium,Middle,No
Yes,Female,Mechanical,179,55,85,86,74,Gaming,1-2 hrs,Night,<3 LPA,Yes,50%,1-3 hrs,>2 hrs,Low,Middle,Yes
Yes,Male,Mechanical,159,78,70,75,88,Travelling,<1 hr,Morning,3-5 LPA,No,25%,<1 hr,1-2 hrs,Medium,Poor,No
No,Male,CS,167,55,84,74,65,Music,<1 hr,Night,3-5 LPA,Yes,100%,<1 hr,<30 min,Medium,Middle,Yes
Yes,Female,Mechanical,188,87,65,81,61,Reading,2-4 hrs,Evening,3-5 LPA,Yes,50%,1-3 hrs,<30 min,High,Middle,Yes
Yes,Male,CS,186,64,81,56,62,Travelling,2-4 hrs,Morning,<3 LPA,Yes,100%,1-3 hrs,<30 min,Medium,Good,Yes
Yes,Male,IT,160,64,56,94,80,Reading,1-2 hrs,Night,3-5 LPA,Yes,25%,>5 hrs,30-60 min,Medium,Middle,No
No,Male,CS,152,68,76,91,68,Gaming,>4 hrs,Night,3-5 LPA,Yes,100%,3-5 hrs,30-60 min,Low,Good,No
No,Female,Mechanical,185,81,90,59,62,Travelling,>4 hrs,Night,3-5 LPA,Yes,100%,>5 hrs,30-60 min,High,Middle,Yes
Yes,Female,Civil,164,83,85,77,69,Gaming,2-4 hrs,Evening,<3 LPA,Yes,50%,>5 hrs,>2 hrs,Low,Middle,No
No,Male,CS,172,81,56,53,70,Sports,<1 hr,Evening,3-5 LPA,Yes,100%,1-3 hrs,1-2 hrs,High,Middle,Yes
No,Male,CS,152,45,63,87,64,Reading,2-4 hrs,Evening,>8 LPA,Yes,75%,3-5 hrs,<30 min,Medium,Poor,No
Yes,Female,IT,156,51,68,65,60,Gaming,2-4 hrs,Night,3-5 LPA,No,50%,1-3 hrs,30-60 min,Low,Good,No
No,Male,IT,170,49,90,50,74,Travelling,1-2 hrs,Night,<3 LPA,Yes,50%,1-3 hrs,<30 min,High,Middle,Yes
No,Male,Mechanical,153,60,86,72,63,Sports,2-4 hrs,Night,<3 LPA,Yes,25%,3-5 hrs,<30 min,Low,Good,No
No,Female,ENTC,159,63,71,64,87,Gaming,1-2 hrs,Morning,5-8 LPA,Yes,75%,1-3 hrs,<30 min,Medium,Middle,No
Yes,Female,Civil,152,73,88,84,72,Gaming,1-2 hrs,Morning,3-5 LPA,Yes,50%,<1 hr,<30 min,Medium,Middle,Yes
Yes,Male,Civil,161,70,68,75,65,Travelling,<1 hr,Evening,3-5 LPA,Yes,75%,1-3 hrs,30-60 min,Medium,Middle,No
Yes,Male,CS,174,79,92,69,75,Gaming,2-4 hrs,Morning,3-5 LPA,Yes,75%,1-3 hrs,1-2 hrs,Medium,Good,Yes
Yes,Male,CS,183,71,79,71,66,Music,2-4 hrs,Night,3-5 LPA,Yes,75%,<1 hr,<30 min,High,Good,Yes
Yes,Female,CS,166,72,68,64,87,Music,2-4 hrs,Evening,3-5 LPA,Yes,75%,>5 hrs,30-60 min,Medium,Middle,No
